Node,EventSequence
R02-M1-N0-C:J12-U11,"['3aa50e45', '3aa50e45', '3aa50e45', '3aa50e45', '3aa50e45', '3aa50e45', '3aa50e45', '3aa50e45', '3aa50e45', '3aa50e45', '3aa50e45', '3aa50e45', '3aa50e45', '3aa50e45', '3aa50e45', '3aa50e45', '3aa50e45', '3aa50e45', '3aa50e45', '3aa50e45', '3aa50e45', '3aa50e45', '3aa50e45', '3aa50e45', '3aa50e45', '3aa50e45', '3aa50e45', '3aa50e45', '3aa50e45', '3aa50e45']"
R23-M0-NE-C:J05-U01,['6265c739']
R24-M0-N1-C:J13-U11,['6265c739']
R21-M1-N6-C:J08-U11,['6265c739']
R16-M1-N2-C:J17-U01,"['cb2160e4', 'cb2160e4', 'cb2160e4', 'cb2160e4', 'cb2160e4', 'cb2160e4', 'cb2160e4', 'cb2160e4', 'cb2160e4']"
R04-M1-N4-I:J18-U11,['150b1306']
R27-M1-N4-I:J18-U01,"['150b1306', '4983ff07']"
R30-M0-N7-C:J08-U01,['cb2160e4']
R25-M0-N7-C:J02-U01,['070de4aa']
R24-M1-N8-C:J09-U11,['070de4aa']
R24-M1-NB-C:J15-U11,['070de4aa']
R20-M1-N8-C:J04-U01,['070de4aa']
R24-M0-NE-C:J14-U11,['070de4aa']
R21-M1-N2-C:J11-U01,['070de4aa']
R24-M0-N8-C:J04-U11,['070de4aa']
R31-M0-NE-C:J05-U11,['070de4aa']
R36-M0-NA-C:J06-U01,['070de4aa']
R33-M0-N4-C:J02-U11,['070de4aa']
R22-M0-ND-C:J10-U11,['070de4aa']
R27-M0-N6-C:J10-U01,['070de4aa']
R26-M1-N8-C:J17-U11,['070de4aa']
R36-M1-N8-C:J17-U01,['070de4aa']
R33-M1-NB-C:J06-U01,['070de4aa']
R01-M1-N7-C:J04-U11,['070de4aa']
R35-M1-NE-C:J05-U01,['070de4aa']
R36-M1-NF-C:J11-U01,['070de4aa']
R37-M1-NE-C:J13-U01,['070de4aa']
R32-M1-N4-C:J16-U01,['070de4aa']
R30-M1-N3-C:J02-U01,['9f7cd7e7']
R34-M1-NE-C:J02-U01,['070de4aa']
R31-M1-N7-C:J05-U11,['070de4aa']
R32-M0-NF-C:J10-U01,['070de4aa']
R34-M1-NC-C:J06-U11,['070de4aa']
R31-M1-NC-C:J14-U11,['070de4aa']
R37-M0-N7-C:J08-U11,['070de4aa']
R34-M1-NA-C:J07-U11,['070de4aa']
R33-M1-N8-C:J09-U11,['070de4aa']
R30-M1-N3-C:J10-U01,['070de4aa']
R32-M1-N5-C:J17-U01,['070de4aa']
R37-M0-N3-C:J14-U01,['070de4aa']
R36-M0-NA-C:J17-U01,['070de4aa']
R33-M0-N6-C:J08-U11,['070de4aa']
R30-M0-ND-C:J07-U01,['070de4aa']
R35-M0-N5-C:J17-U11,['070de4aa']
R32-M0-N2-C:J15-U01,['070de4aa']
R35-M1-ND-C:J10-U11,['070de4aa']
R36-M1-ND-C:J13-U01,['070de4aa']
R31-M1-NF-C:J15-U01,['070de4aa']
R34-M0-ND-C:J03-U01,['070de4aa']
R32-M0-N9-C:J17-U01,['070de4aa']
R30-M0-N0-C:J17-U01,['070de4aa']
R37-M1-N3-C:J05-U11,['070de4aa']
R30-M1-NB-C:J17-U11,"['070de4aa', '6265c739']"
R01-M1-NB-C:J03-U11,"['cb2160e4', 'd3e73bc3']"
R01-M1-ND-C:J15-U11,"['cb2160e4', 'cb2160e4']"
R22-M0-N0-C:J08-U11,['070de4aa']
R22-M0-N4-C:J08-U11,['070de4aa']
R23-M0-N0-I:J18-U01,"['a553aad2', 'dd143159']"
R24-M1-N9-C:J15-U01,['070de4aa']
R25-M1-N8-C:J06-U01,['070de4aa']
R20-M0-N2-C:J09-U01,['070de4aa']
R21-M0-NB-C:J06-U01,['070de4aa']
R24-M0-NA-C:J15-U11,['070de4aa']
R20-M1-N5-C:J06-U01,['070de4aa']
R20-M1-N4-C:J09-U01,['070de4aa']
R35-M0-N7-C:J10-U11,['070de4aa']
R35-M1-NE-C:J09-U01,"['070de4aa', 'cb2160e4']"
R32-M1-N9-C:J11-U11,['070de4aa']
R36-M1-N8-C:J17-U11,['070de4aa']
R35-M0-NC-C:J03-U11,['070de4aa']
R35-M0-N5-C:J10-U11,['070de4aa']
R34-M0-N7-C:J09-U11,['070de4aa']
R36-M0-N0-C:J11-U01,['070de4aa']
R11-M0-NC-I:J18-U01,['4983ff07']
R17-M1-N7-C:J15-U11,['070de4aa']
R16-M1-NC-C:J06-U11,['070de4aa']
R16-M1-N2-C:J12-U01,['cb2160e4']
R03-M1-N9-C:J09-U11,"['d3e73bc3', 'cb2160e4']"
R15-M1-N6-C:J04-U11,['cb2160e4']
R27-M0-ND-C:J10-U01,['070de4aa']
R27-M1-N6-C:J04-U01,['070de4aa']
R26-M0-NB-C:J09-U11,['070de4aa']
R21-M1-NA-C:J07-U11,['070de4aa']
R16-M1-N1-C:J12-U01,['070de4aa']
R07-M1-NE-C:J06-U01,['070de4aa']
R23-M1-NA-C:J17-U11,['070de4aa']
R24-M1-N6-C:J07-U11,['070de4aa']
R25-M1-N8-C:J05-U11,['070de4aa']
R11-M0-N7-C:J16-U11,['070de4aa']
R00-M1-N6-C:J12-U01,['070de4aa']
R30-M0-N9-C:J16-U01,"['38a7307d', '38a7307d', '38a7307d', '38a7307d', '38a7307d', '38a7307d', '38a7307d', '38a7307d', '38a7307d', '38a7307d', '38a7307d', '38a7307d', '38a7307d', '38a7307d', '38a7307d', '38a7307d', '38a7307d', '38a7307d', '38a7307d', '38a7307d', '38a7307d', '38a7307d', '38a7307d', '38a7307d', '38a7307d', '38a7307d', '38a7307d', '38a7307d', '38a7307d', '38a7307d', '38a7307d', '38a7307d', '38a7307d', '38a7307d', '38a7307d', '38a7307d', '38a7307d', '38a7307d', '38a7307d', '38a7307d', '38a7307d', '38a7307d', '38a7307d', '38a7307d', '38a7307d', '38a7307d', '38a7307d', '38a7307d', '38a7307d', '38a7307d', '38a7307d', '38a7307d', '38a7307d', '38a7307d', '38a7307d', '38a7307d', '38a7307d', '38a7307d', '38a7307d', '38a7307d']"
R26-M0-NB-C:J07-U01,"['cb2160e4', 'cb2160e4']"
R22-M0-NC-I:J18-U01,['473b1afe']
R10-M1-N5-C:J15-U11,['d2c9db9b']
R16-M0-NB-C:J07-U11,['d2c9db9b']
R15-M0-N9-C:J05-U11,['d2c9db9b']
R13-M1-N2-C:J17-U01,['d2c9db9b']
R01-M1-NA-C:J13-U01,['d2c9db9b']
R01-M1-NA-C:J09-U01,['d2c9db9b']
R05-M0-N7-C:J10-U11,['d2c9db9b']
R02-M0-N0-C:J10-U01,['d2c9db9b']
R10-M0-N1-C:J17-U11,['a31b789f']
R12-M1-NB-C:J09-U01,['a31b789f']
R04-M1-N1-C:J11-U11,['a31b789f']
R01-M0-NE-C:J17-U11,['a31b789f']
R16-M0-N8-C:J02-U11,['a31b789f']
R02-M0-N8-C:J08-U11,['a31b789f']
R06-M0-N8-C:J13-U11,['a31b789f']
R33-M0-NF-C:J07-U11,['070de4aa']
R36-M0-N0-C:J04-U11,['070de4aa']
R31-M0-NE-C:J15-U11,['070de4aa']
R37-M1-NF-C:J11-U11,['070de4aa']
R32-M0-N3-C:J11-U01,['070de4aa']
R15-M1-NF-C:J11-U11,['d2c9db9b']
R12-M0-N2-C:J11-U01,['d2c9db9b']
R14-M0-N2-C:J02-U01,['d2c9db9b']
R04-M0-ND-C:J15-U01,['d2c9db9b']
R01-M1-N6-C:J15-U11,['d2c9db9b']
R06-M0-N7-C:J08-U01,['d2c9db9b']
R12-M1-NC-C:J13-U11,['d2c9db9b']
R06-M0-N0-C:J11-U11,['d2c9db9b']
R16-M1-N2-C:J07-U01,['a31b789f']
R17-M1-N1-C:J12-U11,['a31b789f']
R16-M1-N9-C:J16-U11,['a31b789f']
R13-M0-NA-C:J15-U01,['a31b789f']
R11-M0-N7-C:J10-U01,['a31b789f']
R00-M0-N0-C:J13-U11,['a31b789f']
R02-M1-NC-C:J08-U11,['a31b789f']
R07-M0-NC-C:J10-U01,['a31b789f']
R24-M1-N0-C:J16-U01,['d2c9db9b']
R24-M1-ND-C:J11-U11,['a31b789f']
R20-M1-NC-C:J05-U01,['a31b789f']
R24-M1-N3-C:J16-U01,"['ac8a6999', '070de4aa']"
R25-M1-N3-C:J16-U01,"['ac8a6999', 'cce08081']"
R20-M1-N3-C:J14-U01,['74814646']
R25-M1-N9-C:J06-U11,['74814646']
R20-M0-N2-C:J13-U11,['cc8ff6de']
R20-M0-NE-C:J02-U01,['d2c9db9b']
R25-M0-NB-C:J02-U11,['d2c9db9b']
R11-M1-N6-C:J12-U01,['d2c9db9b']
R24-M1-N6-C:J13-U01,['d2c9db9b']
R07-M1-N2-C:J05-U11,['d2c9db9b']
R21-M1-NB-C:J12-U01,['a31b789f']
R05-M1-NB-C:J07-U11,['d2c9db9b']
R24-M1-N7-C:J08-U01,['a31b789f']
R16-M0-N4-C:J02-U11,['d2c9db9b']
R20-M1-N7-C:J16-U01,['ac8a6999']
R03-M1-N8-C:J13-U11,['d2c9db9b']
R25-M0-NF-C:J05-U01,['ac8a6999']
R25-M0-ND-C:J04-U01,['ac8a6999']
R06-M1-NC-C:J11-U01,['d2c9db9b']
R24-M1-N6-C:J11-U01,['ac8a6999']
R25-M0-N3-C:J13-U11,['74814646']
R20-M0-ND-C:J15-U11,['d2c9db9b']
R25-M1-NF-C:J16-U01,['d2c9db9b']
R21-M0-NC-C:J13-U11,['d2c9db9b']
R21-M0-N4-C:J05-U11,['d2c9db9b']
R26-M0-N9-C:J12-U01,['ac8a6999']
R20-M0-N3-C:J06-U01,['a31b789f']
R27-M1-NA-C:J16-U11,['cce08081']
R26-M0-N4-C:J16-U01,['cce08081']
R26-M0-N0-C:J04-U11,['cce08081']
R26-M1-NC-C:J13-U11,['cce08081']
R26-M0-N5-C:J08-U01,['cc8ff6de']
R26-M0-N0-C:J02-U01,['cc8ff6de']
R21-M1-N4-C:J10-U01,"['ac8a6999', 'cb2160e4', 'cb2160e4']"
R20-M1-N8-C:J08-U11,['74814646']
R26-M0-NA-C:J04-U11,['9851467f']
R20-M0-N4-C:J15-U01,['74814646']
R26-M0-N2-C:J05-U01,['9851467f']
R20-M0-ND-C:J05-U01,['cc8ff6de']
R21-M1-N6-C:J03-U11,['cc8ff6de']
R25-M1-N6-C:J15-U11,['cc8ff6de']
R25-M1-N3-C:J14-U11,['cc8ff6de']
R20-M1-NB-C:J03-U11,['cc8ff6de']
R27-M0-N3-C:J15-U01,['cc8ff6de']
R24-M1-NE-C:J15-U11,['40c9c002']
R20-M0-NF-C:J07-U01,['40c9c002']
R27-M1-N9-C:J11-U11,['a9b6d705']
R24-M0-N5-C:J05-U01,['9851467f']
R26-M0-N4-C:J15-U11,['6a308701']
R21-M1-N4-C:J17-U11,['9851467f']
R25-M0-N8-C:J16-U11,['9851467f']
R26-M1-NF-C:J11-U11,['4a855bbd']
R27-M0-N2-C:J12-U11,['4a855bbd']
R27-M1-NF-C:J03-U11,['4a855bbd']
R24-M0-NF-C:J09-U01,['f28dcd0f']
R27-M1-ND-C:J09-U01,['511c1d0d']
R26-M1-N4-C:J13-U11,['511c1d0d']
R26-M0-N5-C:J11-U11,['23b2adc8']
R24-M0-NA-C:J16-U11,['cc8ff6de']
R27-M1-N8-C:J09-U11,['2ec4bdb1']
R26-M1-N6-C:J05-U01,['23b2adc8']
R21-M1-N6-C:J13-U11,['3971a417']
R20-M1-N8-C:J15-U11,['3971a417']
R27-M1-N9-C:J03-U01,['ae9a7a4f']
R26-M1-NA-C:J06-U01,['ae9a7a4f']
R25-M0-N6-C:J14-U11,['cc8ff6de']
R26-M0-NF-C:J15-U01,['a9b6d705']
R25-M1-N0-C:J07-U11,['cc8ff6de']
R21-M1-N5-C:J05-U11,['39f84cff']
R26-M1-ND-C:J05-U11,['55addd29']
R26-M0-N8-C:J03-U01,['55addd29']
R20-M1-NB-C:J11-U11,['df88d884']
R24-M1-N5-C:J09-U01,['df88d884']
R24-M0-N2-C:J04-U01,['df88d884']
R27-M1-N4-C:J05-U11,['55addd29']
R24-M0-ND-C:J02-U11,['df88d884']
R27-M0-N7-C:J02-U01,['9f7cd7e7']
R26-M0-N6-C:J14-U11,['3777cdd1']
R24-M0-N2-C:J16-U11,['a9b6d705']
R21-M1-N2-C:J10-U11,['a9b6d705']
R27-M0-N1-C:J15-U01,['3777cdd1']
R27-M0-N1-C:J08-U11,['3777cdd1']
R24-M0-NC-C:J12-U11,['a9b6d705']
R20-M0-N3-C:J06-U11,['198c56f7']
R24-M0-N7-C:J06-U01,['1c2a9320']
R20-M1-N1-C:J10-U01,['6a308701']
R21-M1-NA-C:J07-U01,['6a308701']
R21-M0-NF-C:J09-U01,['4a855bbd']
R27-M0-N9-C:J12-U01,['f7c382bd']
R27-M1-N3-C:J04-U11,['d7cb53a5']
R27-M0-N6-C:J02-U11,['af999985']
R21-M0-N2-C:J17-U11,['23b2adc8']
R20-M1-NF-C:J14-U11,['23b2adc8']
R20-M1-N0-C:J10-U01,['fe410cc8']
R25-M0-N2-C:J04-U11,['23b2adc8']
R25-M1-N7-C:J09-U11,['940724cb']
R21-M0-N9-C:J08-U01,['ae9a7a4f']
R25-M1-NF-C:J16-U11,['ae9a7a4f']
R24-M1-N0-C:J04-U11,['ae9a7a4f']
R20-M1-N5-C:J13-U01,['a9b6d705']
R20-M1-NA-C:J03-U01,['a9b6d705']
R24-M0-NF-C:J08-U01,['a9b6d705']
R21-M0-ND-C:J17-U11,['a9b6d705']
R21-M0-N7-C:J02-U11,['a9b6d705']
R24-M1-N6-C:J17-U01,['a9b6d705']
R20-M1-NA-C:J04-U01,['228fcad4']
R24-M0-NA-C:J14-U01,['228fcad4']
R25-M1-N8-C:J03-U11,['228fcad4']
R22-M0-N7-C:J08-U11,['070de4aa']
R07-M0-N6-C:J11-U01,['147cfcff']
R23-M0-ND-C:J13-U01,['070de4aa']
R21-M1-N1-C:J07-U11,['070de4aa']
R25-M1-N1-C:J15-U11,['070de4aa']
R22-M0-NE-C:J04-U11,['070de4aa']
R34-M1-N9-C:J07-U11,['070de4aa']
R02-M1-N1-C:J12-U01,['3aa50e45']
R34-M0-NF-C:J03-U01,['070de4aa']
R27-M1-ND-C:J11-U01,['070de4aa']
R04-M1-N8-C:J09-U11,['070de4aa']
R20-M1-N7-C:J08-U11,['070de4aa']
R24-M1-NE-C:J13-U11,['070de4aa']
R21-M1-N4-C:J12-U11,['070de4aa']
R27-M0-N8-C:J11-U01,['070de4aa']
R24-M1-N4-C:J07-U01,['070de4aa']
R23-M1-N4-C:J10-U11,['070de4aa']
R23-M1-N4-C:J08-U01,['070de4aa']
R32-M1-N8-I:J18-U01,['150b1306']
R12-M1-NB-C:J15-U01,['070de4aa']
R36-M0-NF-C:J13-U01,['070de4aa']
R04-M0-N9-C:J07-U01,['070de4aa']
R05-M1-N3-C:J15-U11,['070de4aa']
R01-M1-N4-C:J07-U01,['070de4aa']
R16-M1-N6-C:J08-U01,['070de4aa']
R17-M1-ND-C:J12-U11,['070de4aa']
R00-M1-N3-C:J08-U11,['070de4aa']
R12-M1-N2-C:J09-U11,['070de4aa']
R11-M0-ND-C:J11-U11,['070de4aa']
R01-M0-NE-C:J06-U01,['070de4aa']
R13-M1-N8-C:J05-U11,['070de4aa']
R10-M0-N8-C:J03-U11,['070de4aa']
R14-M1-N0-I:J18-U01,['57138c88']
R12-M1-NC-I:J18-U11,['4496b375']
R20-M0-N9-C:J11-U11,['070de4aa']
R20-M1-N2-C:J17-U01,"['070de4aa', '070de4aa']"
R24-M1-NB-C:J11-U01,['070de4aa']
R21-M1-N6-C:J02-U01,['070de4aa']
R20-M1-N8-C:J04-U11,['070de4aa']
R05-M1-N8-C:J13-U01,['d3e73bc3']
R22-M0-N4-I:J18-U11,['57138c88']
R22-M0-NA-C:J02-U11,['6265c739']
R20-M0-N3-C:J14-U01,['6265c739']
R20-M0-N6-C:J03-U01,['6265c739']
R21-M1-N1-C:J08-U11,['6265c739']
R22-M1-NA-C:J04-U11,['6265c739']
R23-M1-N7-C:J02-U01,['6265c739']
R22-M0-N6-C:J12-U11,['6265c739']
R23-M1-N7-C:J14-U01,['6265c739']
R23-M1-ND-C:J02-U01,['6265c739']
R23-M1-N8-C:J06-U01,['6265c739']
R03-M0-NB-C:J10-U11,['cb2160e4']
R36-M0-N5-C:J03-U01,"['cb2160e4', 'cb2160e4']"
R22-M0-NF-C:J02-U01,['6265c739']
R31-M1-ND-C:J05-U01,['6265c739']
R35-M0-NF-C:J11-U11,['6265c739']
R32-M0-N4-C:J02-U01,['6265c739']
R30-M1-N7-C:J12-U01,['070de4aa']
R20-M1-NB-C:J17-U01,['070de4aa']
R26-M0-N6-C:J13-U11,['070de4aa']
R27-M1-N7-C:J10-U01,['070de4aa']
R21-M0-ND-C:J03-U11,['070de4aa']
R34-M0-N2-C:J12-U01,['070de4aa']
R31-M1-NE-C:J06-U11,['070de4aa']
R30-M1-NA-C:J14-U11,['070de4aa']
R34-M1-ND-C:J10-U01,['070de4aa']
R25-M0-N6-C:J08-U11,['070de4aa']
R21-M1-N7-C:J10-U01,['070de4aa']
R23-M1-N6-C:J14-U01,['070de4aa']
R32-M0-NA-C:J13-U11,['070de4aa']
R35-M0-N6-C:J06-U11,['070de4aa']
R23-M0-N9-C:J05-U01,['070de4aa']
R24-M1-N9-C:J06-U11,['070de4aa']
R15-M1-NB-C:J12-U11,['070de4aa']
R15-M1-NF-C:J07-U11,['070de4aa']
R17-M1-N9-C:J16-U01,['070de4aa']
R00-M1-NA-C:J14-U01,['070de4aa']
R16-M1-NA-C:J02-U01,['070de4aa']
R00-M0-N1-C:J09-U11,['070de4aa']
R21-M1-N5-C:J08-U01,['070de4aa']
R05-M0-N7-C:J04-U01,"['070de4aa', '070de4aa']"
R04-M0-N1-C:J03-U01,['070de4aa']
R31-M1-N2-C:J07-U01,['070de4aa']
R33-M1-N2-C:J10-U01,['070de4aa']
R33-M1-NE-C:J11-U01,"['070de4aa', '6265c739']"
R20-M0-N7-C:J15-U11,['070de4aa']
R27-M1-N9-C:J17-U11,['070de4aa']
R24-M0-N7-C:J17-U01,['070de4aa']
R24-M0-N7-C:J10-U01,['070de4aa']
R33-M0-N1-C:J11-U11,['070de4aa']
R27-M1-NF-C:J10-U11,['070de4aa']
R10-M1-NA-C:J13-U11,['070de4aa']
R14-M1-N6-C:J06-U01,['070de4aa']
R01-M1-NB-C:J14-U01,['070de4aa']
R06-M0-N7-C:J04-U01,['070de4aa']
R01-M1-N8-I:J18-U11,['57138c88']
R03-M0-N9-C:J09-U01,['070de4aa']
R07-M1-N0-C:J15-U11,['0d02c0e2']
R36-M1-NC-C:J06-U11,['070de4aa']
R36-M0-ND-C:J13-U11,['cc8ff6de']
R01-M1-N0-C:J04-U11,['cc8ff6de']
R05-M1-N9-C:J14-U11,['cc8ff6de']
R36-M1-ND-C:J16-U11,['9851467f']
R05-M0-NE-C:J05-U01,['9851467f']
R35-M0-NB-C:J16-U01,['9851467f']
R01-M0-N2-C:J08-U01,['f28dcd0f']
R00-M0-NB-C:J09-U01,['f28dcd0f']
R06-M0-NE-C:J12-U11,['f28dcd0f']
R00-M1-N3-C:J11-U01,['cc8ff6de']
R36-M0-N9-C:J12-U01,['cc8ff6de']
R02-M1-N4-C:J12-U01,['cc8ff6de']
R05-M0-N3-C:J11-U11,['070de4aa']
R05-M0-N7-C:J13-U01,['0d02c0e2']
R03-M1-NC-C:J05-U11,['0d02c0e2']
R05-M1-N8-C:J15-U11,['a31b789f']
R05-M0-N6-C:J06-U11,['cce08081']
R00-M0-N4-C:J02-U01,['cc8ff6de']
R35-M1-NF-C:J15-U01,['cc8ff6de']
R05-M0-N5-C:J09-U11,['9851467f']
R02-M0-N9-C:J06-U01,['9851467f']
R33-M1-N3-C:J16-U11,['f28dcd0f']
R02-M1-NE,['a2335b6b']
R05-M1-N3-C:J03-U11,['070de4aa']
R37-M0-NA-C:J15-U01,['070de4aa']
R32-M1-ND-C:J04-U01,['070de4aa']
R15-M1-NB-C:J16-U01,['070de4aa']
R04-M0-N9-C:J15-U11,['070de4aa']
R05-M1-ND-C:J06-U11,['070de4aa']
R23-M1-NC-C:J05-U11,['070de4aa']
R12-M0-N0-C:J13-U01,['070de4aa']
R16-M0-N0-C:J13-U01,['070de4aa']
R36-M1-N1-C:J05-U01,['6265c739']
R10-M0-N9-C:J05-U01,['6265c739']
R03-M0-N2-C:J02-U01,['6265c739']
R26-M0-NA-C:J17-U11,['070de4aa']
R26-M1-ND-C:J08-U01,['070de4aa']
R22-M1-N3-C:J14-U01,['070de4aa']
R17-M0-NF-C:J16-U01,['070de4aa']
R16-M0-NF-C:J07-U01,['070de4aa']
R16-M0-NE-C:J14-U11,['070de4aa']
R00-M0-ND-C:J17-U01,['070de4aa']
R11-M0-N9-C:J03-U11,['070de4aa']
R06-M0-NE-C:J11-U01,['070de4aa']
R01-M1-NF-C:J05-U11,['070de4aa']
R04-M0-NF-C:J12-U01,['070de4aa']
R25-M0-NC-C:J04-U11,['070de4aa']
R21-M0-N0-C:J05-U11,['070de4aa']
R32-M0-N8-C:J11-U01,['070de4aa']
R15-M1-N4-C:J09-U11,['070de4aa']
R00-M1-NA-C:J13-U11,['070de4aa']
R06-M1-N2-C:J15-U11,['070de4aa']
R17-M0-NE-C:J09-U01,['070de4aa']
R14-M0-N1-C:J12-U01,['070de4aa']
R11-M0-N0-C:J02-U11,['070de4aa']
R33-M1-N7-C:J05-U11,['070de4aa']
R23-M1-ND-C:J16-U01,['070de4aa']
R05-M0-N3-C:J12-U11,['070de4aa']
R36-M1-N4-I:J18-U01,['4496b375']
R01-M1-ND-C:J03-U01,['cb2160e4']
R07-M1-NC-C:J12-U11,['070de4aa']
R21-M1-N8-C:J05-U11,['070de4aa']
R36-M0-N7-C:J11-U01,['070de4aa']
R20-M1-N5-C:J06-U11,['070de4aa']
R34-M0-N7-C:J08-U11,['070de4aa']
R26-M0-N5-C:J07-U11,['070de4aa']
R31-M1-N5-C:J11-U01,['070de4aa']
R21-M1-NB-C:J07-U01,['070de4aa']
R23-M1-NE-C:J13-U01,['070de4aa']
R33-M1-N8-C:J17-U11,['070de4aa']
R23-M1-NC-C:J14-U01,['070de4aa']
R10-M1-ND-C:J17-U11,"['070de4aa', '1ae4a1e2']"
R10-M0-N2-C:J02-U01,['070de4aa']
R16-M1-N6-C:J15-U01,['070de4aa']
R15-M1-N9-C:J07-U11,['070de4aa']
R17-M1-N7-C:J08-U01,['070de4aa']
R15-M1-NF-C:J16-U11,['070de4aa']
R12-M1-N6-C:J16-U01,['070de4aa']
R14-M1-NE-C:J14-U11,['070de4aa']
R14-M0-N2-C:J15-U11,['070de4aa']
R11-M1-N2-C:J11-U11,['070de4aa']
UNKNOWN_LOCATION,"['bdb0033b', 'a980cc2d', 'a980cc2d', '9d5d6232', 'a980cc2d', '9d5d6232', 'bdb0033b', 'bdb0033b', 'bdb0033b', 'bdb0033b']"
R37-M1-N4,['9d5d6232']
R33-M1-N2-C:J17-U11,['6265c739']
R37-M0-NE-C:J10-U01,['6265c739']
R33-M0-N6-C:J07-U01,['6265c739']
R25-M0-N7-C:J11-U01,['6265c739']
R25-M1-N2-C:J08-U01,['6265c739']
R27-M1-N8-C:J17-U01,['6265c739']
R33-M0-N8-C:J07-U01,['6265c739']
R20-M0-N5-C:J15-U01,['6265c739']
R30-M1-NE-C:J02-U01,['6265c739']
R23-M0-N1-C:J02-U11,['6265c739']
R24-M1-NB-C:J14-U11,['6265c739']
R35-M1-N7-C:J04-U01,['6265c739']
R32-M1-ND-C:J11-U11,['6265c739']
R32-M1-NB-C:J04-U11,['6265c739']
R36-M0-N4-C:J15-U01,['6265c739']
R24-M1-NC-C:J07-U11,['6265c739']
R36-M0-N5-C:J16-U11,['6265c739']
R31-M1-N2-C:J14-U01,['6265c739']
R24-M0-N3-C:J09-U01,['6265c739']
R35-M0-N6-C:J17-U11,['6265c739']
R24-M1-NB-C:J06-U01,['6265c739']
R27-M1-N2-C:J03-U01,['6265c739']
R24-M1-NA-C:J14-U01,['6265c739']
R34-M0-N9-C:J08-U01,['6265c739']
R35-M1-N1-C:J09-U01,['6265c739']
R23-M0-N6-C:J11-U01,['6265c739']
R21-M0-ND-C:J07-U11,['6265c739']
R33-M0-N2-C:J10-U01,['6265c739']
R30-M1-N9-C:J08-U11,['6265c739']
R35-M1-N5-C:J04-U01,['6265c739']
R25-M1-N2-C:J10-U01,['6265c739']
R32-M0-NF-C:J17-U11,['6265c739']
R33-M0-N8-C:J10-U11,['6265c739']
R05-M0-NF-C:J09-U11,['070de4aa']
R04-M0-N9-C:J17-U01,['070de4aa']
R05-M1-NE-C:J12-U01,['070de4aa']
R04-M1-NE-C:J11-U11,['070de4aa']
R05-M0-NC-C:J04-U01,['070de4aa']
R36-M0-N6-C:J06-U01,['070de4aa']
R22-M1-N9-C:J15-U01,['070de4aa']
R26-M0-NA-C:J08-U11,['070de4aa']
R20-M1-N1-C:J15-U11,['070de4aa']
R37-M1-N3-C:J13-U11,['070de4aa']
R23-M1-N7-C:J08-U11,['070de4aa']
R23-M1-N5-C:J03-U11,['070de4aa']
R23-M0-N5-C:J10-U01,['070de4aa']
R32-M1-N5-C:J16-U11,['070de4aa']
R24-M1-N8-C:J16-U01,['070de4aa']
R34-M1-N0-C:J12-U01,['070de4aa']
R31-M0-N7-C:J13-U01,['070de4aa']
R37-M0-N1-C:J05-U11,['070de4aa']
R21-M1-ND-C:J14-U01,['070de4aa']
R27-M1-N3-C:J13-U11,['070de4aa']
R21-M0-N6-C:J04-U11,['070de4aa']
R22-M1-NC-C:J13-U11,['070de4aa']
R33-M1-N7-C:J15-U01,['070de4aa']
R21-M1-NB-C:J15-U01,['070de4aa']
R21-M0-ND-C:J02-U01,['070de4aa']
R31-M0-N9-C:J04-U11,['070de4aa']
R23-M1-NA-C:J06-U01,['070de4aa']
R25-M1-N1-C:J10-U01,['070de4aa']
R10-M1-N1-C:J09-U01,['070de4aa']
R12-M0-N1-C:J04-U11,['070de4aa']
R17-M1-N4-C:J07-U11,['070de4aa']
R36-M1-NB-C:J05-U01,['070de4aa']
R26-M1-NA-C:J17-U01,['070de4aa']
R34-M0-N7-C:J09-U01,['070de4aa']
R34-M0-N5-C:J04-U01,['070de4aa']
R25-M0-NE-C:J11-U01,['070de4aa']
R34-M1-N4-C:J09-U11,['070de4aa']
R02-M1-N8-C:J17-U01,['070de4aa']
R32-M0-N4-I:J18-U01,['46c02138']
R27-M1-N1-C:J02-U11,['d6e5f01c']
R07-M0-N6-C:J03-U01,['070de4aa']
R07-M0-N0-C:J06-U01,['070de4aa']
R07-M1-N7-C:J10-U11,['070de4aa']
R06-M0-N1-C:J16-U11,['070de4aa']
R01-M0-N6-C:J11-U11,['070de4aa']
R01-M0-ND-C:J11-U11,['070de4aa']
R01-M1-N8-C:J06-U01,['070de4aa']
R00-M0-N4-C:J05-U11,['070de4aa']
R00-M0-N4-C:J04-U11,['070de4aa']
R05-M0-N8-C:J06-U11,['070de4aa']
R26-M0-N5-C:J12-U01,['6265c739']
R37-M0-NF-C:J17-U11,['6265c739']
R24-M0-NE-C:J03-U11,['6265c739']
R20-M0-N5-C:J16-U01,['6265c739']
R12-M1-NF-C:J13-U01,['070de4aa']
R12-M1-NE-C:J04-U11,['070de4aa']
R04-M1-N7-C:J08-U11,['070de4aa']
R14-M1-NC-C:J15-U11,['070de4aa']
R34-M0-N3-C:J17-U11,['070de4aa']
R30-M0-N6-C:J12-U01,['070de4aa']
R10-M0-NB-C:J02-U11,['070de4aa']
R12-M1-NE-C:J02-U01,['070de4aa']
R05-M0-N2,['a2335b6b']
R20-M0-N8-I:J18-U01,['088bafb1']
R16-M1-NC-I:J18-U11,"['4496b375', '4003f299']"
R16-M1-N2-C:J15-U01,['070de4aa']
R17-M1-ND-C:J07-U01,['070de4aa']
R33-M0-N9-C:J04-U11,['070de4aa']
R20-M0-N6-C:J16-U01,['070de4aa']
R22-M0-N5-C:J13-U11,['070de4aa']
R20-M0-NA-C:J12-U01,['070de4aa']
R35-M1-N7-C:J10-U01,['070de4aa']
R27-M1-N9-C:J06-U01,['070de4aa']
R21-M0-NB-C:J05-U11,['070de4aa']
R25-M0-N4-C:J10-U11,['070de4aa']
R25-M0-N0-C:J15-U01,['070de4aa']
R14-M1-ND-C:J03-U11,['070de4aa']
R14-M0-N9-C:J16-U11,['070de4aa']
R11-M1-N5-C:J12-U11,['070de4aa']
R20-M0-NE-C:J05-U01,['070de4aa']
R31-M0-NF-C:J04-U01,['070de4aa']
R37-M1-N7-C:J11-U01,['070de4aa']
R27-M1-N9-C:J09-U11,['070de4aa']
R21-M1-NE-C:J11-U11,['070de4aa']
R26-M1-N9-C:J08-U01,['070de4aa']
R24-M1-N1-C:J15-U11,['070de4aa']
R31-M0-N9-C:J08-U01,['070de4aa']
R31-M1-NE-C:J11-U01,['070de4aa']
R31-M1-N9-C:J15-U11,['070de4aa']
R03-M1-ND-C:J17-U11,['070de4aa']
R24-M1-N1-C:J12-U01,['070de4aa']
R01-M1-N9-C:J14-U01,['070de4aa']
R36-M0-N5-C:J15-U11,['070de4aa']
R36-M0-N2-C:J10-U01,['070de4aa']
R33-M1-N2-C:J02-U01,['070de4aa']
R20-M1-N2-C:J10-U11,['070de4aa']
R37-M0-NE-C:J13-U01,['070de4aa']
R26-M1-N5-C:J02-U11,['070de4aa']
R27-M0-N4-C:J16-U11,['070de4aa']
R20-M1-N7-C:J09-U11,['070de4aa']
R26-M0-N3-C:J13-U11,['070de4aa']
R24-M1-N5-C:J14-U01,['070de4aa']
R21-M1-NF-C:J17-U11,['070de4aa']
R36-M1-NE-C:J08-U01,['070de4aa']
R30-M0-N6-C:J13-U11,['070de4aa']
R14-M1-ND-C:J04-U01,['070de4aa']
R12-M0-N3-C:J02-U01,['070de4aa']
R11-M0-NE-C:J11-U11,['070de4aa']
R16-M1-ND-C:J13-U01,['070de4aa']
R01-M1-NF-C:J15-U01,['070de4aa']
R03-M0-N7-C:J03-U11,['070de4aa']
R06-M1-NE-C:J04-U01,['070de4aa']
R07-M1-ND-C:J17-U11,['070de4aa']
R06-M1-ND-C:J04-U01,['070de4aa']
R02-M1-NE-C:J08-U11,['070de4aa']
R05-M0-N6-C:J09-U01,['070de4aa']
R22-M1-N0-C:J05-U11,['070de4aa']
R21-M1-N0-C:J13-U11,['070de4aa']
R20-M1-N4-C:J17-U11,['070de4aa']
R25-M1-N8-C:J16-U11,['070de4aa']
R35-M0-N0-C:J05-U01,['070de4aa']
R10-M0-N8-C:J06-U01,['070de4aa']
R00-M0-N8-C:J10-U11,['070de4aa']
R01-M0-NC-C:J04-U01,['070de4aa']
R36-M1-NA-C:J06-U01,['070de4aa']
R20-M1-N5-C:J05-U11,['070de4aa']
R22-M0-N5-C:J07-U11,['070de4aa']
R34-M0-N5-C:J12-U11,['070de4aa']
R21-M0-N5-C:J14-U01,['070de4aa']
R37-M0-N5-C:J08-U11,['070de4aa']
R23-M0-N6-C:J06-U11,['070de4aa']
R30-M0-NB-C:J03-U11,['070de4aa']
R27-M0-N7-C:J10-U01,['070de4aa']
R35-M0-N9-C:J10-U11,['070de4aa']
R10-M1-N5-C:J04-U01,['070de4aa']
R15-M1-NB-C:J15-U01,['070de4aa']
R00-M0-ND-C:J14-U11,['070de4aa']
R00-M0-N6-C:J12-U01,['070de4aa']
R16-M1-NA-C:J08-U01,['070de4aa']
R12-M0-N6-C:J05-U11,['070de4aa']
R03-M0-N6-C:J09-U01,['070de4aa']
R13-M0-NB-C:J15-U11,['070de4aa']
R11-M1-NB-C:J12-U11,['070de4aa']
R02-M0-N5-C:J03-U01,['070de4aa']
R01-M0-N9-C:J03-U11,['070de4aa']
R21-M0-N9-C:J17-U01,['070de4aa']
R20-M1-N2-C:J07-U01,['070de4aa']
R25-M1-N2-C:J03-U01,['070de4aa']
R00-M1-NE-C:J14-U01,['070de4aa']
R36-M1-N4-C:J15-U11,['070de4aa']
R36-M1-N6-C:J04-U11,['070de4aa']
R20-M1-N6-C:J03-U01,['070de4aa']
R26-M0-NA-C:J07-U01,['070de4aa']
R24-M0-N1-C:J17-U01,['070de4aa']
R24-M1-N1-C:J14-U01,['070de4aa']
R22-M0-N2-C:J09-U11,['070de4aa']
R36-M0-N9-C:J15-U01,['070de4aa']
R21-M1-N7-C:J07-U11,['070de4aa']
R27-M0-N1-C:J05-U01,"['070de4aa', '070de4aa']"
R27-M0-N1-C:J07-U11,['070de4aa']
R30-M0-NA-C:J17-U01,['070de4aa']
R23-M0-N1-C:J07-U01,['070de4aa']
R24-M0-N6-C:J07-U01,['070de4aa']
R32-M1-N3-C:J07-U11,['070de4aa']
R32-M0-N1-C:J03-U01,['070de4aa']
R10-M0-NE-C:J04-U11,['070de4aa']
R17-M1-ND-C:J14-U01,['070de4aa']
R16-M0-NB-C:J04-U01,['070de4aa']
R14-M1-N7-C:J04-U01,['070de4aa']
R06-M1-NB-C:J03-U01,['070de4aa']
R15-M1-N1-C:J10-U01,['070de4aa']
R00-M0-N1-C:J07-U01,['070de4aa']
R27-M0-N6-C:J05-U11,['070de4aa']
R21-M0-ND-C:J15-U11,['070de4aa']
R35-M1-N9-C:J10-U11,['070de4aa']
R31-M1-N0-C:J03-U01,['070de4aa']
R26-M0-NF-C:J02-U01,['070de4aa']
R26-M0-N7-C:J02-U01,['070de4aa']
R34-M1-N4-C:J03-U11,['070de4aa']
R37-M1-N7-C:J17-U01,['070de4aa']
R37-M1-N7-C:J04-U11,['070de4aa']
R20-M0-N5-C:J07-U11,['070de4aa']
R24-M0-N0-C:J02-U11,['070de4aa']
R21-M1-N8-C:J04-U01,['070de4aa']
R06-M1-N8-C:J14-U01,['070de4aa']
R01-M1-N5-C:J04-U11,['070de4aa']
R05-M1-N2-C:J06-U01,['070de4aa']
R01-M1-NA-C:J12-U11,['070de4aa']
R00-M1-N9-C:J11-U01,['070de4aa']
R26-M0-ND-C:J16-U11,['070de4aa']
R37-M1-ND-C:J03-U01,['070de4aa']
R21-M0-N3-C:J06-U11,['070de4aa']
R23-M1-N1-C:J06-U01,['070de4aa']
R17-M0-NF-C:J13-U11,['6265c739']
R14-M0-NB-C:J13-U11,['6265c739']
R14-M0-N9-C:J14-U01,['6265c739']
R32-M1-N9-C:J10-U11,['070de4aa']
R35-M1-N3-C:J04-U11,['070de4aa']
R31-M1-N1-C:J06-U11,['070de4aa']
R23-M1-N7-C:J09-U01,['070de4aa']
R30-M0-N3-C:J08-U11,['070de4aa']
R26-M1-N3-C:J11-U11,['070de4aa']
R22-M0-ND-C:J13-U11,['070de4aa']
R33-M0-N2-C:J07-U11,['070de4aa']
R34-M1-N6-C:J09-U11,['070de4aa']
R25-M1-NF-C:J10-U11,['070de4aa']
R35-M1-NF-C:J14-U01,['070de4aa']
R20-M1-N8-C:J03-U01,['070de4aa']
R27-M0-N8-C:J17-U01,['070de4aa']
R30-M0-NC-C:J10-U11,['070de4aa']
R11-M0-N2-C:J04-U11,['070de4aa']
R11-M1-N2-C:J04-U01,['070de4aa']
R10-M0-NB-C:J13-U11,['070de4aa']
R13-M0-N0-C:J12-U01,['070de4aa']
R30-M1-N1-C:J12-U01,['070de4aa']
R30-M0-NF-C:J15-U11,['070de4aa']
R35-M0-ND-C:J14-U01,['070de4aa']
R22-M0-ND-C:J17-U11,['070de4aa']
R21-M0-N2-C:J15-U01,['070de4aa']
R24-M0-N7-C:J17-U11,['070de4aa']
R36-M0-N9-C:J17-U01,['070de4aa']
R31-M1-N7-C:J03-U01,['070de4aa']
R21-M0-N0-C:J06-U01,['070de4aa']
R36-M1-N7-C:J05-U01,['070de4aa']
R20-M0-N6-C:J03-U11,['070de4aa']
R37-M0-NA-C:J10-U01,['070de4aa']
R27-M1-N7-C:J11-U01,['070de4aa']
R26-M1-N6-C:J15-U11,['070de4aa']
R27-M0-N3-C:J04-U01,['070de4aa']
R27-M0-N2-C:J03-U11,['070de4aa']
R31-M0-NA-C:J03-U11,"['070de4aa', '070de4aa']"
R27-M1-ND-C:J02-U01,['070de4aa']
R35-M0-NE-C:J03-U11,['070de4aa']
R25-M0-N9-C:J11-U01,['070de4aa']
R22-M1-N8-C:J02-U01,['070de4aa']
R27-M1-N8-C:J08-U11,['070de4aa']
R22-M0-N8-C:J15-U01,['070de4aa']
R33-M0-N0-C:J04-U01,['070de4aa']
R01-M0-N0-C:J10-U01,['070de4aa']
R04-M1-NE-C:J15-U11,['070de4aa']
R00-M1-N7-C:J11-U01,['070de4aa']
R01-M1-N2-C:J08-U11,['070de4aa']
R01-M1-N7-C:J11-U11,['070de4aa']
R04-M1-N0-C:J05-U01,['070de4aa']
R05-M1-N9-C:J16-U01,['070de4aa']
R04-M1-NB-C:J15-U01,['070de4aa']
R01-M1-N9-C:J03-U11,['070de4aa']
R04-M1-NE-C:J10-U01,['070de4aa']
R27-M1-N9-C:J15-U11,['070de4aa']
R24-M0-N3-C:J02-U01,['070de4aa']
R26-M1-N9-C:J02-U01,['070de4aa']
R36-M0-N9-C:J11-U01,['070de4aa']
R30-M1-N9-C:J10-U01,['070de4aa']
R23-M1-NA-C:J14-U11,['070de4aa']
R25-M1-N7-C:J13-U01,['070de4aa']
R24-M1-N7-C:J16-U11,['070de4aa']
R37-M0-N2-C:J05-U11,['070de4aa']
R32-M1-N3-C:J10-U11,['070de4aa']
R24-M1-N6-C:J05-U01,['070de4aa']
R25-M0-NA-C:J13-U11,['070de4aa']
R36-M1-N0-C:J17-U11,['070de4aa']
R30-M1-N8-C:J15-U11,['070de4aa']
R30-M0-NB-C:J09-U01,['cb2160e4']
R22-M0-N0-I:J18-U11,['57138c88']
R01-M0-N1-C:J09-U11,['220716fc']
R04-M0-N1-C:J02-U01,['220716fc']
R37-M1-N6-C:J03-U11,['070de4aa']
R27-M1-NB-C:J12-U11,['070de4aa']
R26-M1-N1-C:J16-U01,['070de4aa']
R34-M0-N2-C:J04-U11,"['070de4aa', '070de4aa']"
R25-M0-ND-C:J09-U01,['070de4aa']
R22-M1-N0-C:J10-U11,['070de4aa']
R34-M1-N4-C:J07-U11,['070de4aa']
R34-M1-N4-C:J10-U01,"['070de4aa', 'd3e73bc3']"
R16-M1-N1-C:J05-U01,['070de4aa']
R17-M0-NF-C:J10-U11,['070de4aa']
R11-M1-N6-C:J16-U11,['070de4aa']
R15-M0-N8-C:J02-U11,['070de4aa']
R11-M1-N3-C:J07-U11,['147cfcff']
R33-M1-NE-C:J07-U01,['6265c739']
R24-M0-N1-C:J03-U01,['6265c739']
R22-M1-N3-C:J02-U01,['6265c739']
R26-M1-N1-C:J11-U01,['6265c739']
R30-M1-N2-C:J11-U11,['6265c739']
R23-M1-N6-C:J14-U11,['6265c739']
R11-M1-NE-C:J06-U01,['6265c739']
R00-M1-N9-C:J16-U01,['6265c739']
R13-M0-N7-C:J09-U01,['6265c739']
R03-M0-N7-C:J12-U01,['6265c739']
R01-M0-NE-C:J05-U11,['6265c739']
R36-M0-N4-C:J04-U01,['6265c739']
R22-M1-N8-C:J09-U01,['6265c739']
R34-M0-N0-C:J17-U11,['6265c739']
R26-M0-N3-C:J08-U01,['6265c739']
R21-M0-N2-C:J07-U01,['6265c739']
R30-M1-N6-C:J14-U11,['6265c739']
R23-M0-N3-C:J12-U11,['6265c739']
R11-M1-N3-C:J10-U11,['6265c739']
R36-M0-N7-C:J04-U11,['070de4aa']
R31-M1-N5-C:J02-U11,['070de4aa']
R37-M0-NB-C:J05-U01,['070de4aa']
R20-M1-NA-C:J04-U11,['070de4aa']
R22-M1-N2-C:J08-U11,['070de4aa']
R27-M0-N6-C:J09-U11,['070de4aa']
R31-M0-N1-C:J09-U01,['070de4aa']
R34-M0-N3-C:J14-U01,['070de4aa']
R25-M0-N7-C:J10-U01,['070de4aa']
R30-M0-ND-C:J09-U01,['070de4aa']
R23-M1-N2-C:J02-U01,['070de4aa']
R23-M0-N7-C:J02-U11,['070de4aa']
R23-M0-N2-C:J07-U01,['070de4aa']
R32-M1-N8-C:J05-U01,['cb2160e4']
R23-M0-N5-C:J04-U01,['070de4aa']
R20-M1-N4-C:J02-U01,['070de4aa']
R22-M0-N4-C:J02-U01,['070de4aa']
R20-M1-NB-C:J15-U01,['070de4aa']
R26-M0-N3-C:J14-U11,['070de4aa']
R31-M1-N5-C:J15-U11,['070de4aa']
R31-M1-N5-C:J17-U11,['070de4aa']
R37-M0-NA-C:J04-U11,['070de4aa']
R00-M0-NC-C:J17-U11,['070de4aa']
R01-M0-NC-C:J12-U01,"['070de4aa', '125fee2b']"
R23-M0-NB-C:J05-U01,['070de4aa']
R24-M0-N6-C:J15-U01,['070de4aa']
R35-M1-NE-C:J09-U11,['070de4aa']
R20-M0-N0-C:J06-U11,['070de4aa']
R00-M1-N2-C:J02-U11,['070de4aa']
R05-M1-N7-C:J15-U11,['070de4aa']
R05-M0-NE-C:J04-U11,['070de4aa']
R05-M0-N9-C:J07-U11,['070de4aa']
R04-M1-N6-C:J12-U11,['070de4aa']
R26-M0-N9-C:J08-U01,['070de4aa']
R33-M1-ND-C:J05-U11,['070de4aa']
R27-M0-N5-C:J10-U01,['070de4aa']
R37-M0-ND-C:J03-U11,['070de4aa']
R24-M0-NF-C:J15-U11,['070de4aa']
R20-M1-ND-C:J05-U11,['070de4aa']
R34-M1-NE-C:J03-U11,['070de4aa']
R30-M1-NA-C:J14-U01,['070de4aa']
R25-M1-N6-C:J07-U11,['070de4aa']
R25-M0-NB-C:J03-U11,['070de4aa']
R31-M1-NA-C:J08-U11,['070de4aa']
R37-M0-NC-C:J17-U11,['070de4aa']
R33-M1-N8-C:J15-U11,['070de4aa']
R26-M1-N8-C:J04-U01,['070de4aa']
R32-M0-N0-C:J09-U01,['070de4aa']
R32-M0-NC-C:J14-U11,['070de4aa']
R32-M0-N8-C:J09-U11,['070de4aa']
R22-M1-ND-C:J05-U11,['070de4aa']
R22-M0-ND-C:J15-U01,['070de4aa']
R21-M0-N2-C:J05-U01,['070de4aa']
R36-M0-NB-C:J12-U01,"['070de4aa', '125fee2b']"
R31-M1-N9-C:J09-U11,['070de4aa']
R33-M1-NA-C:J12-U11,['070de4aa']
R33-M0-NF-C:J10-U11,['070de4aa']
R25-M1-ND-C:J10-U11,['070de4aa']
R23-M1-NF-C:J12-U11,['070de4aa']
R23-M0-NB-C:J11-U11,['070de4aa']
R32-M1-N1-C:J03-U11,['070de4aa']
R32-M1-N5-C:J02-U11,['070de4aa']
R35-M1-N0-C:J13-U01,['070de4aa']
R31-M0-NC-C:J03-U01,['070de4aa']
R37-M1-N8-C:J08-U11,['070de4aa']
R20-M0-N0-C:J02-U11,['070de4aa']
R21-M1-N0-C:J15-U01,['070de4aa']
R30-M1-NC-C:J17-U01,['070de4aa']
R30-M0-N4-C:J09-U11,['070de4aa']
R20-M1-N9-C:J12-U11,['070de4aa']
R37-M0-N1-C:J12-U01,['070de4aa']
R26-M0-NB-C:J04-U01,['070de4aa']
R26-M0-N1-C:J13-U11,['070de4aa']
R21-M1-N2-C:J02-U01,['070de4aa']
R22-M0-N3-C:J17-U01,['070de4aa']
R36-M1-N9-C:J17-U01,['070de4aa']
R33-M0-N2-C:J15-U11,['070de4aa']
R33-M0-NA-C:J05-U11,"['070de4aa', '070de4aa']"
R06-M1-N8-C:J16-U11,['070de4aa']
R35-M1-N1-C:J12-U11,['070de4aa']
R34-M1-N7-C:J03-U11,['070de4aa']
R21-M0-NA-C:J11-U11,['070de4aa']
R21-M0-N9-C:J17-U11,['070de4aa']
R21-M0-N5-C:J13-U11,['070de4aa']
R37-M0-N2-C:J09-U01,['070de4aa']
R37-M0-NC-C:J11-U11,['070de4aa']
R23-M1-N8-C:J09-U11,['070de4aa']
R01-M0-N0-I:J18-U11,['97976721']
R00-M0-NA-C:J04-U01,['070de4aa']
R01-M0-NB-C:J07-U01,['070de4aa']
R00-M0-N9-C:J14-U01,['070de4aa']
R04-M0-NB-C:J04-U01,['070de4aa']
R04-M0-NE-C:J17-U01,['070de4aa']
R07-M1-ND-C:J02-U11,['070de4aa']
R33-M0-N6-C:J13-U11,['d3e73bc3']
R36-M1-ND-C:J04-U11,['070de4aa']
R20-M1-N2-C:J03-U11,['070de4aa']
R37-M0-N6-C:J09-U11,['070de4aa']
R36-M1-N2-C:J05-U11,['070de4aa']
R36-M0-NE-C:J05-U11,['070de4aa']
R31-M0-ND-C:J03-U11,['070de4aa']
R34-M0-N5-C:J03-U11,['070de4aa']
R33-M0-NF-C:J11-U01,['070de4aa']
R31-M1-NB-C:J05-U11,['070de4aa']
R21-M0-N7-C:J14-U01,['070de4aa']
R23-M0-NE-C:J16-U11,['070de4aa']
R36-M1-NF-C:J02-U01,['070de4aa']
R37-M0-N3-C:J13-U01,['070de4aa']
R24-M0-N2-C:J15-U01,['070de4aa']
R20-M0-N5-C:J03-U01,['070de4aa']
R27-M0-NB-C:J16-U01,['070de4aa']
R34-M0-N7-C:J13-U01,['070de4aa']
R21-M0-N9-C:J16-U11,['070de4aa']
R37-M0-N5-C:J02-U11,['070de4aa']
R32-M0-N5-C:J02-U11,['070de4aa']
R10-M0-N2-C:J03-U01,['070de4aa']
R12-M1-N7-C:J08-U11,['070de4aa']
R17-M1-N6-C:J04-U11,['070de4aa']
R15-M0-NF-C:J11-U01,['070de4aa']
R10-M0-N3-C:J03-U01,['070de4aa']
R15-M1-N3-C:J15-U01,['070de4aa']
R13-M0-NE-C:J14-U11,['070de4aa']
R03-M1-NB-C:J10-U01,['070de4aa']
R11-M1-NA-C:J11-U01,['070de4aa']
R06-M1-N7-C:J06-U11,['070de4aa']
R02-M1-NA-C:J05-U11,['070de4aa']
R07-M1-NA-C:J03-U11,['070de4aa']
R02-M0-NA-C:J16-U11,['070de4aa']
R36-M1-NB-C:J14-U11,['070de4aa']
R36-M1-N1-C:J08-U01,['070de4aa']
R22-M0-N7-C:J17-U01,['070de4aa']
R33-M1-ND-C:J10-U01,['070de4aa']
R33-M1-N9-C:J10-U01,['070de4aa']
R37-M1-NA-C:J12-U11,['070de4aa']
R21-M1-N1-C:J16-U01,['070de4aa']
R21-M1-NA-C:J05-U11,['070de4aa']
R27-M1-NA-C:J06-U11,['070de4aa']
R23-M0-NA-C:J09-U11,['070de4aa']
R23-M1-NB-C:J16-U11,['070de4aa']
R31-M1-N3-C:J05-U01,['070de4aa']
R25-M1-NB-C:J11-U01,['070de4aa']
R13-M1-ND-C:J13-U11,['070de4aa']
R16-M1-NB-C:J07-U11,['070de4aa']
R10-M1-N6-C:J13-U11,['070de4aa']
R17-M1-N9-C:J09-U01,['070de4aa']
R12-M0-NF-C:J16-U01,['070de4aa']
R11-M1-NA-C:J05-U11,['070de4aa']
R01-M1-N6-C:J07-U11,['070de4aa']
R07-M1-ND-C:J11-U11,['070de4aa']
R07-M1-N1-C:J10-U01,['070de4aa']
R01-M0-ND-C:J16-U01,['070de4aa']
R04-M1-NB-C:J13-U11,['070de4aa']
R06-M0-N9-C:J06-U01,['070de4aa']
R31-M0-N0-C:J04-U11,['070de4aa']
R21-M0-N4-C:J13-U01,['070de4aa']
R10-M0-NC-C:J09-U11,['070de4aa']
R14-M1-N0-C:J09-U11,['070de4aa']
R00-M1-N0-C:J08-U11,['070de4aa']
R17-M1-N4-C:J14-U01,['070de4aa']
R37-M1-NE-C:J02-U11,['070de4aa']
R21-M1-N2-C:J07-U01,['070de4aa']
R22-M0-N2-C:J12-U11,['070de4aa']
R30-M1-NE-C:J02-U11,['070de4aa']
R23-M0-N2-C:J15-U01,['070de4aa']
R36-M1-N8-C:J06-U01,['070de4aa']
R26-M0-NC-C:J07-U11,['070de4aa']
R27-M0-N0-C:J12-U11,['070de4aa']
R34-M1-N8-C:J07-U01,['070de4aa']
R23-M1-N0-C:J05-U01,['070de4aa']
R20-M1-N8-C:J12-U01,['2fbf058f']
R00-M1-N5-C:J03-U11,['fe410cc8']
R02-M1-N5-C:J17-U01,['070de4aa']
R33-M1-N3-C:J02-U01,['1ae4a1e2']
R24-M0-NB-C:J06-U11,['1ae4a1e2']
R30-M1-N9-C:J14-U11,['1ae4a1e2']
R35-M1-N5-C:J08-U11,['1ae4a1e2']
R32-M1-N5-C:J06-U01,['1ae4a1e2']
R10-M0-NF-C:J04-U01,['1ae4a1e2']
R16-M0-N3-C:J11-U01,['1ae4a1e2']
R00-M1-NF-C:J04-U11,['1ae4a1e2']
R15-M0-N2-C:J04-U11,['1ae4a1e2']
R11-M1-NB-C:J15-U11,['1ae4a1e2']
R04-M1-N1-C:J12-U01,['1ae4a1e2']
R02-M0-NF-C:J10-U11,['1ae4a1e2']
R04-M1-NE-C:J02-U11,['1ae4a1e2']
R35-M1-N4-C:J17-U01,['1ae4a1e2']
R05-M1-NC-C:J14-U11,['1ae4a1e2']
R14-M0-N8-C:J13-U11,['1ae4a1e2']
R11-M1-N0-C:J08-U01,['1ae4a1e2']
R17-M0-N4-C:J06-U01,['1ae4a1e2']
R11-M1-NE-C:J09-U01,['1ae4a1e2']
R31-M0-NC-C:J14-U11,['1ae4a1e2']
R27-M1-NC-C:J15-U01,['1ae4a1e2']
R25-M1-N8-C:J03-U01,['1ae4a1e2']
R10-M1-N0-C:J09-U11,['1ae4a1e2']
R10-M1-N0-C:J16-U11,['1ae4a1e2']
R00-M0-N4-C:J17-U01,['1ae4a1e2']
R34-M0-N1-C:J08-U01,['1ae4a1e2']
R32-M0-N3-C:J09-U11,['1ae4a1e2']
R32-M0-N3-C:J08-U11,['1ae4a1e2']
R12-M1-N5-C:J15-U11,['1ae4a1e2']
R06-M0-N7-C:J10-U11,['1ae4a1e2']
R02-M0-N8-C:J12-U01,['1ae4a1e2']
R36-M0-N7-C:J08-U01,['1ae4a1e2']
R24-M1-N5-C:J03-U01,['1ae4a1e2']
R32-M0-N5-C:J10-U11,['1ae4a1e2']
R02-M0-NF-C:J13-U01,['1ae4a1e2']
R36-M0-NE-C:J17-U01,['1ae4a1e2']
R27-M0-N5-C:J11-U11,['147cfcff']
R16-M0-N8-C:J09-U01,['070de4aa']
R12-M1-N0-C:J13-U01,['070de4aa']
R10-M1-ND-C:J11-U01,['070de4aa']
R17-M0-N7-C:J11-U01,['070de4aa']
R14-M0-ND-C:J11-U11,['070de4aa']
R16-M1-N5-C:J15-U01,['070de4aa']
R27-M0-NE-C:J11-U11,['070de4aa']
R37-M0-NC-C:J03-U01,['070de4aa']
R26-M1-N0-C:J05-U11,['070de4aa']
R30-M0-N8-C:J12-U11,['070de4aa']
R01-M0-NE-C:J17-U01,['1ae4a1e2']
R05-M1-N5-C:J14-U11,['1ae4a1e2']
R04-M0-N4-C:J12-U01,['1ae4a1e2']
R01-M1-N8-C:J13-U11,['1ae4a1e2']
R14-M1-N3-C:J04-U01,['070de4aa']
R10-M0-N2-C:J12-U01,['070de4aa']
R13-M1-NF-C:J12-U01,['070de4aa']
R15-M1-N6-C:J02-U11,['070de4aa']
R10-M0-NC-C:J15-U11,['070de4aa']
R10-M0-N4-C:J05-U11,['070de4aa']
R33-M1-N5-C:J13-U11,['070de4aa']
R37-M1-N1-C:J11-U11,['070de4aa']
R22-M1-N3-C:J12-U01,['070de4aa']
R21-M0-NF-C:J09-U11,['070de4aa']
R22-M0-N3-C:J02-U01,['070de4aa']
R24-M1-N2-C:J02-U01,['070de4aa']
R36-M1-NE-C:J11-U11,['070de4aa']
R33-M0-NB-C:J10-U01,['070de4aa']
R01-M1-N1-C:J03-U11,['1ae4a1e2']
R04-M0-N1-C:J10-U01,['147cfcff']
R24-M1-ND-C:J09-U11,['1ae4a1e2']
R33-M1-N1-C:J09-U01,['1ae4a1e2']
R27-M0-N9-C:J07-U11,['1ae4a1e2']
R17-M1-NF-C:J10-U11,['1ae4a1e2']
R17-M1-N9-C:J05-U01,['1ae4a1e2']
R11-M0-N9-C:J17-U01,['1ae4a1e2']
R15-M0-N6-C:J12-U01,['1ae4a1e2']
R13-M1-N2-C:J06-U11,['1ae4a1e2']
R14-M1-N4-C:J04-U01,['1ae4a1e2']
R12-M0-N0-C:J12-U11,['1ae4a1e2']
R13-M1-N4-C:J04-U11,['1ae4a1e2']
R13-M0-N0-C:J15-U11,['1ae4a1e2']
R16-M0-N9-C:J08-U11,['070de4aa']
R12-M0-NC-C:J05-U01,['070de4aa']
R16-M0-N0-C:J10-U01,['1ae4a1e2']
R14-M1-N3-C:J15-U01,['1ae4a1e2']
R16-M0-NE-C:J06-U01,['1ae4a1e2']
R16-M0-ND-C:J02-U11,['1ae4a1e2']
R12-M1-N6-C:J06-U11,['1ae4a1e2']
R16-M1-N3-C:J15-U11,['1ae4a1e2']
R17-M0-N4-C:J06-U11,['1ae4a1e2']
R15-M0-N6-C:J10-U11,['1ae4a1e2']
R14-M1-N0-C:J06-U01,['1ae4a1e2']
R10-M1-N4-C:J06-U01,['1ae4a1e2']
R17-M0-NF-C:J04-U01,['1ae4a1e2']
R10-M1-NE-C:J05-U01,['1ae4a1e2']
R11-M1-NE-C:J10-U11,['070de4aa']
R15-M0-NE-C:J07-U01,['070de4aa']
R15-M1-NA-C:J13-U11,['070de4aa']
R17-M0-N1-C:J06-U11,['070de4aa']
R11-M1-NF-C:J07-U01,"['070de4aa', '92420707']"
R16-M1-N0-C:J10-U01,['1ae4a1e2']
R17-M0-N4-C:J12-U11,['070de4aa']
R15-M1-N3-C:J11-U11,['1ae4a1e2']
R14-M1-ND-C:J17-U01,['1ae4a1e2']
R14-M0-NF-C:J09-U01,['1ae4a1e2']
R16-M1-NE-C:J10-U11,['1ae4a1e2']
R13-M0-NB-C:J03-U11,['1ae4a1e2']
R13-M1-NC-C:J04-U01,['1ae4a1e2']
R16-M1-NB-C:J06-U01,['1ae4a1e2']
R17-M0-NF-C:J09-U01,['1ae4a1e2']
R11-M1-N9-C:J07-U11,['1ae4a1e2']
R11-M1-N5-C:J14-U11,['1ae4a1e2']
R13-M0-N2-C:J02-U01,['1ae4a1e2']
R16-M1-NA-C:J09-U11,['1ae4a1e2']
R14-M0-N1-C:J12-U11,['1ae4a1e2']
R17-M0-N0-C:J10-U01,['1ae4a1e2']
R13-M1-N4-C:J14-U01,['1ae4a1e2']
R36-M1-N9-C:J06-U01,['cb2160e4']
R37-M0-N1-C:J02-U01,['070de4aa']
R31-M0-NB-C:J17-U11,['070de4aa']
R24-M1-NF-C:J05-U01,['070de4aa']
R31-M1-NA-C:J04-U01,['070de4aa']
R34-M1-N9-C:J17-U01,['070de4aa']
R10-M0-N2-C:J10-U11,['070de4aa']
R17-M1-N9-C:J11-U11,['070de4aa']
R12-M1-N2-C:J04-U11,['070de4aa']
R00-M0-N2-C:J06-U01,['070de4aa']
R01-M1-NB-C:J15-U01,['070de4aa']
R00-M0-N7-C:J09-U01,['070de4aa']
R00-M1-N0-C:J14-U11,['070de4aa']
R05-M1-N0-C:J12-U01,['070de4aa']
R06-M0-N7-C:J07-U01,['070de4aa']
R06-M0-N5-C:J15-U11,['070de4aa']
R04-M0-N6-C:J09-U01,['070de4aa']
R06-M0-N8-C:J11-U01,['070de4aa']
R20-M0-N9-C:J06-U01,['070de4aa']
R22-M1-NB-C:J08-U11,['070de4aa']
R23-M1-N7-C:J10-U01,['070de4aa']
R21-M0-N1-C:J05-U01,['070de4aa']
R27-M1-NA-C:J02-U11,['070de4aa']
R22-M1-N3-C:J02-U11,['070de4aa']
R20-M1-ND-C:J06-U01,['070de4aa']
R21-M1-N2-C:J12-U11,['070de4aa']
R34-M0-N7-C:J15-U01,['070de4aa']
R20-M0-NB-C:J02-U11,['070de4aa']
R35-M1-N7-C:J02-U01,['070de4aa']
R13-M1-NE-C:J10-U01,['070de4aa']
R16-M0-N9-C:J17-U01,['070de4aa']
R16-M0-N6-C:J12-U01,['070de4aa']
R17-M1-NB-C:J09-U11,['070de4aa']
R10-M1-NB-C:J16-U11,['070de4aa']
R16-M0-ND-C:J17-U01,['070de4aa']
R16-M0-ND-C:J13-U01,['070de4aa']
R07-M0-N6-C:J07-U11,['070de4aa']
R11-M0-N5-C:J14-U01,['070de4aa']
R03-M1-N6-C:J08-U11,['070de4aa']
R03-M1-N2-C:J11-U01,['070de4aa']
R14-M0-N9-C:J04-U11,['070de4aa']
R07-M1-N6-C:J14-U11,['070de4aa']
R05-M1-N9-C:J11-U01,['070de4aa']
R36-M0-N7-C:J13-U11,['070de4aa']
R36-M0-N3-C:J09-U01,['070de4aa']
R31-M1-N1-C:J08-U11,['070de4aa']
R31-M0-NB-C:J12-U11,['070de4aa']
R36-M0-NA-C:J13-U01,['d3e73bc3']
R23-M0-N7,"['12c46e92', '19083ffd']"
R00-M0-N2,['86a5b6eb']
R00-M0-ND,['19083ffd']
NULL,"['e3703b8d', 'e3703b8d', 'e3703b8d', 'e3703b8d', 'e3703b8d', 'e3703b8d', 'e3703b8d', 'e3703b8d', 'e3703b8d', 'e3703b8d', 'e3703b8d', 'e3703b8d', 'e3703b8d', 'e3703b8d', 'e3703b8d', 'e3703b8d', 'e3703b8d', 'e3703b8d', 'e3703b8d', 'e3703b8d', 'e3703b8d', 'e3703b8d', 'e3703b8d', 'e3703b8d', 'e3703b8d', 'e3703b8d', 'e3703b8d', 'e3703b8d', 'e3703b8d', 'e3703b8d', 'e3703b8d', 'e3703b8d', 'e3703b8d', 'e3703b8d', 'e3703b8d']"
R71-M0-NC,['5ceb0a30']
R10-M1-N7,['19083ffd']
R06-M1-ND,['a2335b6b']
R76-M1-N4,['5ceb0a30']
R23-M1-N1-C:J13-U11,['cb2160e4']
R25-M1-N2,['14b602cb']
R40-M1-N5,['9d5d6232']
R70-M0-N0,['9d5d6232']
R51-M1-ND,['a2335b6b']
R44-M0-N3,['9d5d6232']
R74-M0-N1,['a2335b6b']
R26-M0-N7,"['5ceb0a30', '19083ffd']"
R00-M0-N6-C:J03-U11,['c42200c4']
R23-M0-N0-C:J10-U01,['cb2160e4']
R15-M0-NC-C:J04-U11,['afd081b3']
R14-M1-N0-C:J07-U11,"['147cfcff', 'cb2160e4']"
R47-M0-N4-C:J07-U01,"['cb2160e4', 'cb2160e4']"
R35-M0-N6-C:J13-U01,['cb2160e4']
R61-M0-NB-C:J05-U01,"['cb2160e4', 'cb2160e4', 'cb2160e4']"
R44-M0-N8-I:J18-U01,['c65da9e1']
R46-M0-N0-I:J18-U01,['c65da9e1']
R52-M1-N8-I:J18-U11,['c65da9e1']
R57-M1-N0-I:J18-U01,['c65da9e1']
R61-M1-N0-I:J18-U01,['c65da9e1']
R24-M0-N0-I:J18-U01,['c65da9e1']
R55-M1-N0-I:J18-U11,['c65da9e1']
R31-M1-N4-I:J18-U11,['c65da9e1']
R66-M0-N8-I:J18-U01,"['c65da9e1', '2355b700']"
R15-M0-NC-I:J18-U11,"['c65da9e1', '57138c88', '11b69b8b']"
R16-M1-N0-I:J18-U11,['c65da9e1']
R01-M0-NC-I:J18-U11,['c65da9e1']
R66-M1-N4-I:J18-U01,['c65da9e1']
R74-M1-N8-I:J18-U01,['c65da9e1']
R73-M0-N4-I:J18-U11,"['c65da9e1', '7c363edf']"
R27-M1-NC-I:J18-U11,['4983ff07']
R61-M1-NC-I:J18-U01,['4983ff07']
R60-M1-NC-I:J18-U01,['57138c88']
R21-M0-N8-I:J18-U11,['4f29a595']
R40-M1-N0-I:J18-U11,['46c02138']
R71-M0-NA-C:J12-U11,['130bb340']
R63-M0-N4-C:J16-U01,['130bb340']
R06-M0-NB-C:J16-U01,"['cb2160e4', '147cfcff']"
R12-M0-N4-I:J18-U01,['4983ff07']
R30-M0-N0-I:J18-U01,['11b69b8b']
R71-M1-N8-I:J18-U01,['11b69b8b']
R02-M0-N4-I:J18-U11,['11b69b8b']
R60-M1-N7-C:J16-U11,['d3e73bc3']
R44-M1-N4-I:J18-U11,['11b69b8b']
R65-M0-NC-I:J18-U01,['11b69b8b']
R11-M1-N2-C:J12-U01,['cb2160e4']
R30-M1-NC-C:J02-U01,['cb2160e4']
R24-M1-N4-I:J18-U11,['4983ff07']
R34-M1-N8-I:J18-U01,"['11b69b8b', '57138c88', '7c363edf']"
R70-M1-N0-I:J18-U01,['11b69b8b']
R16-M0-N4-I:J18-U11,['11b69b8b']
R21-M1-NC-I:J18-U01,['11b69b8b']
R65-M0-NC-I:J18-U11,['11b69b8b']
R04-M1-N8-I:J18-U11,['11b69b8b']
R50-M1-N0-I:J18-U11,['4983ff07']
R14-M0-N0-I:J18-U11,['11b69b8b']
R06-M0-N0-I:J18-U01,['11b69b8b']
R71-M0-NF-C:J04-U01,['147cfcff']
R62-M1-N3-C:J04-U01,['1b700d02']
R63-M1-NF-C:J03-U11,['1b700d02']
R62-M1-NA-C:J14-U01,['1b700d02']
R62-M1-NF-C:J09-U11,['1b700d02']
R63-M1-N6-C:J17-U01,['6265c739']
R62-M1-N6-C:J06-U11,['6265c739']
R63-M1-NB-C:J09-U01,['1b700d02']
R63-M1-NA-C:J03-U01,['1b700d02']
R61-M0-N8-C:J05-U01,['6265c739']
R60-M1-N1-C:J11-U11,['1b700d02']
R65-M1-N9-C:J16-U11,['1b700d02']
R64-M1-N3-C:J07-U11,['1b700d02']
R60-M0-NE-C:J10-U11,['1b700d02']
R65-M1-N5-C:J14-U11,['1b700d02']
R61-M1-ND-C:J17-U01,['1b700d02']
R65-M1-N4-C:J06-U01,['1b700d02']
R65-M0-ND-C:J12-U01,['1b700d02']
R61-M0-N3-C:J11-U11,"['1b700d02', '6e12673f']"
R66-M1-NC-C:J14-U11,['6265c739']
R67-M1-NB-C:J11-U11,['1b700d02']
R67-M1-NB-C:J10-U11,['1b700d02']
R67-M1-N3-C:J16-U01,['1b700d02']
R66-M1-N4-C:J06-U01,['1b700d02']
R76-M0-N1-C:J02-U11,['6265c739']
R66-M1-ND-C:J15-U01,['1b700d02']
R67-M1-N8-C:J02-U11,['1b700d02']
R67-M1-N6-C:J02-U11,['1b700d02']
R67-M1-N1-C:J03-U11,['1b700d02']
R77-M0-N2-C:J06-U01,['1b700d02']
R67-M0-ND-C:J02-U01,['1b700d02']
R74-M0-ND-C:J09-U11,['1b700d02']
R66-M0-N0-C:J16-U01,['1b700d02']
R64-M0-NB-C:J15-U01,['6265c739']
R65-M0-N3-C:J04-U01,['6265c739']
R60-M0-N6-C:J09-U11,['6265c739']
R66-M1-ND-C:J09-U11,['1b700d02']
R67-M0-NB-C:J12-U11,['1b700d02']
R67-M0-N8-C:J06-U11,['1b700d02']
R66-M0-N9-C:J10-U01,['1b700d02']
R77-M0-N8-C:J09-U01,['1b700d02']
R60-M0-NF-C:J10-U11,['1b700d02']
R67-M1-N1-C:J05-U11,['1b700d02']
R65-M1-NC-C:J09-U01,['1b700d02']
R64-M0-N1-C:J02-U01,['1b700d02']
R14-M1-N5-C:J12-U11,['cb2160e4']
R74-M1-N0-C:J12-U01,"['d3e73bc3', '71fcff11', '71fcff11']"
R11-M1-N7,['5ceb0a30']
R77-M1-NF-C:J02-U11,['6265c739']
R72-M1-NA-C:J04-U11,['6265c739']
R73-M1-N8-C:J06-U01,['6265c739']
R75-M1-N8-C:J13-U11,['6265c739']
R74-M0-NB-C:J17-U01,['1b700d02']
R76-M1-ND-C:J11-U11,['1b700d02']
R70-M0-NF-C:J06-U01,['1b700d02']
R41-M0-N2-C:J10-U01,['6265c739']
R55-M0-N2-C:J08-U01,['6265c739']
R44-M0-NF-C:J13-U11,['6265c739']
R44-M0-NE-C:J10-U01,['6265c739']
R40-M0-N1-C:J10-U01,['6265c739']
R40-M1-N6-C:J12-U11,['6265c739']
R50-M1-NB-C:J07-U11,['6265c739']
R57-M1-NF-C:J11-U11,['6265c739']
R47-M0-N5-C:J15-U01,['6265c739']
R45-M0-NA-C:J04-U11,['6265c739']
R50-M1-N1-C:J05-U11,['6265c739']
R42-M1-NE-C:J15-U11,['6265c739']
R54-M0-NB-C:J07-U01,['6265c739']
R40-M1-N4-C:J17-U01,['6265c739']
R52-M0-N4-C:J17-U11,['6265c739']
R54-M0-NC-C:J09-U11,['6265c739']
R41-M1-N3-C:J15-U11,['1b700d02']
R54-M1-ND-C:J08-U11,['1b700d02']
R51-M1-N9-C:J10-U01,['1b700d02']
R45-M1-ND-C:J16-U11,['1b700d02']
R40-M0-N1-C:J16-U01,['1b700d02']
R57-M0-N1-C:J16-U01,['1b700d02']
R56-M1-N9-C:J14-U01,['1b700d02']
R51-M0-N6-C:J15-U01,['1b700d02']
R52-M0-N6-C:J10-U11,['1b700d02']
R52-M1-N6-C:J13-U01,['1b700d02']
R45-M0-N1-C:J14-U11,['1b700d02']
R43-M1-NE-C:J16-U01,['1b700d02']
R45-M0-ND-C:J09-U01,['1b700d02']
R45-M0-N6-C:J14-U01,['1b700d02']
R44-M1-NB-C:J13-U01,['1b700d02']
R44-M1-NB-C:J14-U11,['1b700d02']
R54-M0-NC-I:J18-U01,['07342848']
R05-M0-NC-I:J18-U11,['07342848']
R30-M0-N7-C:J09-U01,['cb2160e4']
R00-M0-N4-C:J06-U11,['d3e73bc3']
R26-M0-NC-I:J18-U01,['11b69b8b']
R00-M1-NB-C:J02-U01,['cb2160e4']
R42-M1-NC-I:J18-U11,['f80a5ed5']
R25-M1-N4-I:J18-U01,['f80a5ed5']
R14-M1-N7-C:J10-U01,['d3e73bc3']
R72-M1-N4-I:J18-U01,['4983ff07']
R02-M1-N8-I:J18-U01,['f80a5ed5']
R10-M1-N4-I:J18-U01,['f80a5ed5']
R04-M0-NC-I:J18-U11,"['f80a5ed5', '11b69b8b']"
R63-M1-N0,['19083ffd']
R06-M1-N6-C:J15-U01,['d6e5f01c']
R62-M0-NC-I:J18-U11,['4983ff07']
R55-M1-NC-I:J18-U01,['f80a5ed5']
R03-M0-N3-C:J02-U11,['cb2160e4']
R70-M1-NC-C:J09-U11,['cb2160e4']
R24-M1-NC-I:J18-U01,['f80a5ed5']
R75-M0-N8-C:J10-U01,['cb2160e4']
R01-M1-N4-I:J18-U11,['f80a5ed5']
R63-M1-NC-I:J18-U11,['2355b700']
R62-M1-NC-I:J18-U11,['2eb8058c']
R13-M0-N2-C:J09-U01,['d6e5f01c']
R50-M0-NF-C:J10-U01,['d3e73bc3']
R03-M1-N6-C:J11-U11,['cb2160e4']
R16-M0-NC-I:J18-U01,"['57138c88', 'b0de29a2']"
R43-M0-N8-I:J18-U11,['4f29a595']
R20-M1-N8-C:J13-U11,['ea3efa0b']
R41-M1-N4-I:J18-U11,['4f29a595']
R53-M1-N0-I:J18-U01,['4f29a595']
R63-M1-NC-C:J06-U01,"['147cfcff', 'cb2160e4']"
R30-M0-N4-I:J18-U01,['f80a5ed5']
R72-M1-N0-I:J18-U01,['4f29a595']
R37-M0-NF-C:J07-U01,['cb2160e4']
R76-M1-N8,['5ceb0a30']
R71-M1-N8-C:J17-U11,['cb2160e4']
R01-M0-NC-I:J18-U01,['4983ff07']
R77-M0-NC-I:J18-U11,['4983ff07']
R32-M1-N0-I:J18-U01,['4983ff07']
R05-M0-NA,['19083ffd']
R05-M0-N6,['19083ffd']
R27-M0-N8-I:J18-U11,['57138c88']
R45-M0-N0-I:J18-U01,['57138c88']
R72-M0-N8-I:J18-U01,['57138c88']
R44-M1-NC-I:J18-U01,['57138c88']
R05-M0-N1-C:J06-U11,['67d49f9f']
R73-M1-NC-I:J18-U11,['57138c88']
R26-M1-N8-I:J18-U01,['57138c88']
R23-M1-N8-I:J18-U11,['4983ff07']
R54-M1-N4-I:J18-U11,['4983ff07']
R16-M1-N4-I:J18-U11,['4983ff07']
R62-M1-N8-I:J18-U01,"['4983ff07', '7c363edf']"
R23-M0-N5-C:J12-U01,['cb2160e4']
R63-M1-NA-C:J14-U11,['147cfcff']
R57-M0-NB-C:J07-U11,['d3e73bc3']
R10-M0-N0-C:J06-U01,['147cfcff']
R07-M0-ND-C:J16-U01,['cb2160e4']
R06-M1-N4-C:J08-U01,['cb2160e4']
R66-M1-N1-C:J09-U11,['cb2160e4']
R64-M0-NB-C:J14-U01,['cb2160e4']
R27-M0-NC-I:J18-U11,['4f29a595']
R34-M0-N8-I:J18-U11,['11b69b8b']
R01-M0-N8-C:J02-U11,['cb2160e4']
R12-M1-N4-I:J18-U01,['11b69b8b']
R03-M1-ND-C:J14-U01,['2ba1baf7']
R20-M1-NB-C:J16-U11,['cb2160e4']
R07-M0-N0-C:J09-U01,['cb2160e4']
R11-M1-NE-C:J17-U01,['cb2160e4']
R23-M0-N8-C:J15-U11,"['cb2160e4', 'cb2160e4', 'cb2160e4']"
R63-M0-N4-I:J18-U01,['11b69b8b']
R53-M1-ND-C:J09-U11,['cb2160e4']
R56-M0-N0-I:J18-U01,['4f29a595']
R60-M1-N5-C:J09-U11,['147cfcff']
R42-M1-ND-C:J07-U11,['cb2160e4']
R53-M1-NB-C:J13-U01,['147cfcff']
R43-M0-N9-C:J08-U11,['d3e73bc3']
R05-M0-N8-I:J18-U11,['4f29a595']
R73-M1-NC-I:J18-U01,['7c363edf']
R17-M1-N0-I:J18-U11,['7c363edf']
R62-M1-N4-I:J18-U11,['7c363edf']
R44-M0-N4-I:J18-U01,"['7c363edf', 'eb09b859']"
R73-M0-NC-I:J18-U11,['57138c88']
R30-M0-N5-C:J05-U01,['cb2160e4']
R06-M1-NA-C:J08-U11,['ea3efa0b']
R07-M1-NA-C:J09-U01,['d3e73bc3']
R53-M1-N0-C:J04-U11,['afd081b3']
R57-M1-NE-C:J12-U01,['cb2160e4']
R13-M1-N3-C:J05-U11,['cb2160e4']
R25-M1-N0-I:J18-U01,['11b69b8b']
R24-M0-N4-I:J18-U01,['11b69b8b']
R71-M1-N0-I:J18-U01,['4f29a595']
R02-M0-N4-C:J04-U11,"['f3eed4bf', 'f3eed4bf', 'f3eed4bf', 'f3eed4bf', 'f3eed4bf', 'f3eed4bf']"
R13-M1-N8-C:J02-U11,['cb2160e4']
R17-M0-N0-I:J18-U01,['a828f891']
R62-M0-N8-I:J18-U01,['c65da9e1']
R01-M1-NC-I:J18-U01,"['c65da9e1', 'b0de29a2']"
R07-M1-N0-C:J17-U01,['147cfcff']
R21-M1-N0-C:J10-U11,['d3e73bc3']
R46-M0-NC-I:J18-U11,['57138c88']
R11-M1-N2-C:J09-U11,['2ba1baf7']
R55-M0-N9-C:J06-U11,"['afd081b3', 'ad3f3991', 'ad3f3991']"
R63-M1-NF-C:J15-U11,['130bb340']
R63-M1-N5-C:J17-U01,['ed0daeee']
R06-M0-N9-C:J02-U01,['cb2160e4']
R65-M1-NA-C:J14-U01,"['cb2160e4', 'cb2160e4']"
R26-M0-N4-I:J18-U11,['7c363edf']
R10-M0-N3-C:J07-U01,['cb2160e4']
R74-M1-NC-C:J15-U11,['d3e73bc3']
R20-M1-NF-C:J10-U01,['3aa50e45']
R27-M1-N8-C:J16-U11,['cb2160e4']
R54-M1-N8-I:J18-U01,['7c363edf']
R06-M0-NC-I:J18-U11,['57138c88']
R60-M0-NE-C:J08-U11,['1b700d02']
R61-M1-NB-C:J17-U11,['1ae4a1e2']
R61-M0-N3-C:J12-U11,['1ae4a1e2']
R60-M1-NC-C:J10-U11,['1b700d02']
R61-M0-NC-C:J03-U11,['1b700d02']
R65-M1-NB-C:J14-U01,['1b700d02']
R64-M0-N6-C:J17-U11,['1b700d02']
R61-M1-N5-C:J13-U11,['1b700d02']
R65-M1-N6-C:J11-U01,['1b700d02']
R60-M1-N3-C:J11-U01,['1b700d02']
R66-M0-NF-C:J12-U01,['1ae4a1e2']
R61-M0-N1-C:J05-U11,['1b700d02']
R64-M1-N5-C:J10-U11,['1b700d02']
R64-M1-N9-C:J15-U11,['1b700d02']
R60-M0-N1-C:J14-U01,['1b700d02']
R61-M0-N9-C:J04-U01,['1b700d02']
R66-M1-N8-C:J12-U01,['1b700d02']
R65-M0-N1-C:J04-U01,['1b700d02']
R67-M0-ND-C:J03-U01,['1b700d02']
R66-M0-N5-C:J04-U11,['1b700d02']
R64-M1-N7-C:J16-U11,['1b700d02']
R60-M1-NF-C:J12-U11,['1b700d02']
R66-M0-N8-C:J11-U01,['1b700d02']
R65-M0-N4-C:J11-U11,['1b700d02']
R66-M1-N3-C:J06-U11,['1ae4a1e2']
R67-M0-N8-C:J02-U01,['1ae4a1e2']
R66-M0-N5-C:J12-U11,['1ae4a1e2']
R67-M0-NC-C:J16-U01,['1b700d02']
R66-M0-NC-C:J13-U01,['1b700d02']
R67-M1-ND-C:J10-U11,['1b700d02']
R66-M1-N5-C:J14-U11,['1b700d02']
R66-M0-N0-C:J07-U01,['1b700d02']
R66-M1-N9-C:J03-U11,['1b700d02']
R66-M1-N0-C:J17-U01,['1b700d02']
R66-M0-N4-C:J02-U01,['1b700d02']
R67-M0-N5-C:J04-U11,['1b700d02']
R66-M1-ND-C:J14-U11,['1b700d02']
R67-M1-N8-C:J16-U01,['1b700d02']
R66-M0-N4-C:J16-U01,['1b700d02']
R67-M0-N2-C:J07-U11,['1b700d02']
R67-M1-N8-C:J10-U11,['1b700d02']
R67-M1-N0-C:J09-U11,['1b700d02']
R67-M0-N1-C:J03-U11,['1b700d02']
R67-M1-NA-C:J13-U01,['1b700d02']
R67-M1-NF-C:J10-U01,['1ae4a1e2']
R66-M1-NB-C:J17-U01,['1ae4a1e2']
R67-M1-NA-C:J03-U11,"['1b700d02', '1b700d02']"
R67-M0-N6-C:J04-U01,['1b700d02']
R67-M0-N1-C:J11-U01,['1b700d02']
R66-M0-NA-C:J03-U11,['1b700d02']
R66-M0-N7-C:J08-U01,['1b700d02']
R67-M0-N6-C:J03-U11,['1b700d02']
R66-M1-NA-C:J15-U11,['1b700d02']
R66-M1-ND-C:J12-U11,['1b700d02']
R67-M0-N4-C:J10-U01,['1b700d02']
R67-M0-N0-C:J08-U11,['1b700d02']
R67-M1-N8-C:J09-U11,['1b700d02']
R66-M1-NC-C:J04-U11,['1b700d02']
R67-M0-N0-C:J03-U01,['1b700d02']
R61-M0-N8-C:J03-U01,['1ae4a1e2']
R60-M0-NA-C:J13-U01,['1b700d02']
R65-M1-N4-C:J10-U01,['1b700d02']
R60-M0-N1-C:J04-U01,['1b700d02']
R65-M0-N8-C:J15-U01,['1b700d02']
R64-M1-N3-C:J05-U11,['1b700d02']
R62-M0-N3-C:J14-U01,['1b700d02']
R62-M0-N9-C:J12-U01,['1b700d02']
R51-M1-NA-C:J17-U11,['1ae4a1e2']
R56-M0-N7-C:J02-U01,['1ae4a1e2']
R42-M0-N0-C:J14-U01,['1ae4a1e2']
R41-M1-NE-C:J13-U11,['1ae4a1e2']
R41-M0-N9-C:J16-U11,['1ae4a1e2']
R41-M0-N5-C:J06-U01,['1ae4a1e2']
R54-M1-N2-C:J06-U01,['1ae4a1e2']
R51-M1-NA-C:J05-U01,['1ae4a1e2']
R02-M1-NE-C:J02-U11,['1ae4a1e2']
R12-M0-NB-C:J13-U01,['1ae4a1e2']
R27-M1-N2-C:J10-U01,['1ae4a1e2']
R06-M1-N0-C:J12-U01,['1ae4a1e2']
R36-M1-N2-C:J08-U11,['1ae4a1e2']
R25-M1-N5-C:J16-U01,['1ae4a1e2']
R36-M1-NB-C:J09-U01,['1ae4a1e2']
R24-M1-ND-C:J12-U11,['1ae4a1e2']
R35-M1-NF-C:J13-U01,['1ae4a1e2']
R62-M0-N1-C:J08-U11,['1b700d02']
R62-M0-N6-C:J03-U01,['1b700d02']
R62-M0-NB-C:J09-U11,['1b700d02']
R62-M0-NE-C:J08-U01,['1b700d02']
R62-M0-N0-C:J14-U01,['1b700d02']
R62-M0-N4-C:J12-U11,['1b700d02']
R62-M0-NE-C:J15-U01,['1b700d02']
R62-M0-N2-C:J11-U11,['1b700d02']
R62-M0-N8-C:J13-U11,['1b700d02']
R62-M0-N6-C:J10-U01,['1b700d02']
R62-M0-NB-C:J16-U11,['1b700d02']
R62-M0-N1-C:J02-U01,['1b700d02']
R62-M0-ND-C:J09-U01,['1b700d02']
R62-M0-NA-C:J15-U11,['1b700d02']
R62-M0-N6-C:J09-U11,['1b700d02']
R62-M0-N2-C:J14-U01,['1b700d02']
R62-M0-N1-C:J02-U11,['1b700d02']
R62-M0-N6-C:J16-U01,['1b700d02']
R62-M0-N6-C:J15-U11,['1b700d02']
R62-M0-N2-C:J07-U01,['1b700d02']
R62-M0-NC-C:J04-U01,['1b700d02']
R62-M0-N9-C:J08-U11,"['1ae4a1e2', '1b700d02']"
R62-M0-N1-C:J10-U01,"['1b700d02', '1b700d02']"
R62-M0-NF-C:J03-U01,['1b700d02']
R62-M0-N9-C:J10-U11,['1b700d02']
R62-M0-N8-C:J14-U01,['1b700d02']
R62-M0-NB-C:J12-U01,"['1b700d02', '1b700d02']"
R62-M0-ND-C:J12-U11,['1b700d02']
R62-M0-N6-C:J05-U11,['1b700d02']
R62-M0-NC-C:J11-U01,['1ae4a1e2']
R62-M0-NC-C:J06-U11,"['1ae4a1e2', '1b700d02']"
R62-M0-N7-C:J05-U11,['1b700d02']
R62-M0-N0-C:J13-U11,['1b700d02']
R62-M0-N4-C:J16-U11,['1b700d02']
R62-M0-N4-C:J04-U01,['1b700d02']
R62-M0-NE-C:J13-U01,['1b700d02']
R62-M0-NE-C:J02-U11,['1b700d02']
R62-M0-N4-C:J03-U01,['1ae4a1e2']
R62-M0-N7-C:J16-U01,['1b700d02']
R62-M0-N4-C:J14-U01,['1b700d02']
R62-M0-N0-C:J17-U01,['1b700d02']
R62-M0-N0-C:J16-U01,['1b700d02']
R62-M0-N7-C:J06-U01,['1b700d02']
R62-M0-N6-C:J16-U11,['1ae4a1e2']
R62-M0-NC-C:J15-U11,['1b700d02']
R62-M0-NC-C:J05-U01,['1b700d02']
R62-M0-N0-C:J15-U01,['1b700d02']
R63-M0-N8-C:J03-U11,['1ae4a1e2']
R63-M0-NE-C:J11-U11,['1b700d02']
R63-M0-N8-C:J16-U11,['1b700d02']
R63-M0-ND-C:J15-U01,['1b700d02']
R63-M0-NB-C:J05-U11,['1b700d02']
R63-M0-N3-C:J16-U11,['1b700d02']
R62-M0-N1-C:J04-U01,['1b700d02']
R62-M0-NB-C:J02-U01,['1b700d02']
R60-M1-N0-I:J18-U01,['11b69b8b']
R62-M0-NC-C:J16-U01,['1b700d02']
R62-M0-N4-C:J15-U11,['1b700d02']
R62-M0-N0-C:J04-U11,['1b700d02']
R62-M0-N5-C:J16-U11,['1b700d02']
R63-M0-NF-C:J05-U01,['1ae4a1e2']
R63-M0-N1-C:J05-U11,['1b700d02']
R63-M0-N1-C:J16-U01,['1b700d02']
R63-M0-N4-C:J05-U11,"['1b700d02', '1b700d02']"
R63-M0-N0-C:J03-U01,['1ae4a1e2']
R63-M0-N7-C:J09-U01,['1ae4a1e2']
R63-M0-N4-C:J02-U01,['1ae4a1e2']
R63-M0-N0-C:J17-U01,['1b700d02']
R63-M0-N2-C:J03-U11,['1b700d02']
R63-M0-NF-C:J08-U11,['1b700d02']
R45-M1-NA-C:J11-U01,['cb2160e4']
R63-M0-N3-C:J02-U11,"['3aa50e45', '3aa50e45', '1b700d02']"
R17-M0-N8-C:J05-U01,['cb2160e4']
R11-M1-N4-C:J03-U01,['d3e73bc3']
R50-M0-N4-I:J18-U01,['7c363edf']
R60-M0-N0-I:J18-U01,['7c363edf']
R63-M0-N6-C:J15-U01,['1b700d02']
R63-M0-N9-C:J10-U01,['1b700d02']
R74-M0-N1-C:J05-U01,"['cb2160e4', 'cb2160e4']"
R27-M0-N0-I:J18-U11,['11b69b8b']
R62-M0-N2-C:J13-U11,['1b700d02']
R62-M0-NA-C:J04-U11,['1b700d02']
R62-M0-NA-C:J09-U01,['1b700d02']
R62-M0-NE-C:J03-U11,['1b700d02']
R62-M0-N4-C:J11-U11,['1b700d02']
R62-M0-NC-C:J14-U01,['1b700d02']
R62-M0-NE-C:J09-U01,['1b700d02']
R62-M0-N8-C:J16-U01,['1b700d02']
R62-M0-N9-C:J09-U11,['1b700d02']
R62-M0-N8-C:J06-U11,['1b700d02']
R62-M0-N2-C:J05-U11,['1b700d02']
R62-M0-ND-C:J03-U11,['1b700d02']
R62-M0-N4-C:J14-U11,['1b700d02']
R62-M0-ND-C:J05-U01,['1b700d02']
R63-M0-NB-C:J06-U11,['1b700d02']
R63-M0-N6-C:J13-U01,"['1ae4a1e2', '1b700d02']"
R62-M0-N2-C:J09-U11,['ed0daeee']
R62-M0-N4-C:J13-U01,['cc8ff6de']
R62-M0-N1-C:J04-U11,['1b700d02']
R62-M0-N0-C:J02-U01,['1b700d02']
R62-M0-NC-C:J05-U11,['1b700d02']
R63-M0-NA-C:J09-U01,['1ae4a1e2']
R63-M0-N8-C:J14-U11,['1b700d02']
R63-M0-N5-C:J05-U11,['1b700d02']
R63-M0-N0-C:J03-U11,['1b700d02']
R63-M0-NF-C:J05-U11,['1b700d02']
R63-M0-N1-C:J07-U01,['1b700d02']
R51-M1-N4-C:J07-U01,['d6e5f01c']
R45-M1-NA-C:J10-U01,['cb2160e4']
R22-M1-N1-C:J17-U11,['e8a1ed5d']
R65-M0-N2-C:J05-U11,['cb2160e4']
R21-M1-N3-C:J03-U11,['cb2160e4']
R63-M0-N6-C:J12-U11,['130bb340']
R63-M0-NF-C:J06-U01,['1b700d02']
R63-M0-N4-C:J04-U11,['1b700d02']
R63-M0-N3-C:J14-U11,['1b700d02']
R63-M0-N5-C:J12-U01,['1ae4a1e2']
R31-M0-N8-I:J18-U01,['11b69b8b']
R02-M1-N4-C:J06-U01,['d3e73bc3']
R23-M1-N0-C:J08-U11,['cb2160e4']
R46-M1-NE-C:J14-U11,['130bb340']
R46-M1-NF-C:J11-U01,['ed0daeee']
R46-M1-N1-C:J02-U01,['ed0daeee']
R05-M0-NC-C:J04-U11,['825e06cc']
R17-M1-N0-I:J18-U01,['11b69b8b']
R34-M1-N4-I:J18-U01,['11b69b8b']
R67-M1-NA,['19083ffd']
R57-M0-NA-C:J13-U11,['130bb340']
R57-M0-N8-C:J12-U01,['ed0daeee']
R64-M1-N4-I:J18-U01,['7c363edf']
R72-M1-NE-C:J04-U01,['bbb20c30']
R72-M1-N6-C:J04-U01,['bbb20c30']
R02-M1-NC-I:J18-U01,['b0de29a2']
R63-M1-N4-I:J18-U01,['b0de29a2']
R35-M0-NC-I:J18-U11,['b0de29a2']
R25-M0-N2-C:J11-U11,['cb2160e4']
R55-M1-N8-I:J18-U11,['11b69b8b']
R06-M1-N8-I:J18-U01,['11b69b8b']
R04-M1-N8-I:J18-U01,['4f1ef491']
R10-M1-N0-I:J18-U11,['b0de29a2']
R26-M0-N0-I:J18-U11,"['5a695884', '5a695884', '5a695884', '5a695884', '5a695884', '5a695884', '5a695884']"
R14-M0-NC-I:J18-U11,['4003f299']
R13-M1-N4-I:J18-U11,['eb09b859']
R55-M0-NC-I:J18-U01,['b0de29a2']
R22-M0-N0-I:J18-U01,['eb09b859']
R36-M1-N4-I:J18-U11,['b0de29a2']
R65-M1-NC-I:J18-U11,['eb09b859']
R66-M1-N8-I:J18-U01,['eb09b859']
R26-M1-N1-C:J02-U11,['cb2160e4']
R03-M1-NF-C:J07-U01,"['8a5c46f9', '77b17bd0']"
R14-M0-N8-I:J18-U01,['eb09b859']
R77-M0-N4-I:J18-U01,['b0de29a2']
R45-M1-N0-I:J18-U01,['eb09b859']
R76-M0-NC-I:J18-U11,['b0de29a2']
R54-M0-N0-I:J18-U01,['eb09b859']
R72-M1-NC-I:J18-U11,['b0de29a2']
R01-M1-NC-I:J18-U11,['b0de29a2']
R33-M1-N4-I:J18-U11,['eb09b859']
R14-M1-NC-I:J18-U01,['b0de29a2']
R15-M0-N0-I:J18-U11,['b0de29a2']
R60-M0-N4-I:J18-U01,['b0de29a2']
R21-M0-N8-I:J18-U01,['b0de29a2']
R67-M1-N7,['19083ffd']
R74-M1-NB-C:J02-U11,['cb2160e4']
R15-M1-NC-I:J18-U01,['4983ff07']
R13-M1-NC-I:J18-U01,['4983ff07']
R11-M1-ND-C:J08-U01,['92420707']
R11-M1-NA-C:J13-U01,['92420707']
R06-M0-N3-C:J13-U11,['125fee2b']
R10-M0-N7-C:J08-U11,['125fee2b']
R17-M0-N8-C:J09-U11,['125fee2b']
R06-M0-N7-C:J05-U01,['125fee2b']
R16-M0-N4-C:J07-U11,['125fee2b']
R16-M0-N4-C:J06-U11,['92420707']
R07-M1-N0-C:J07-U01,['92420707']
R13-M0-NA-C:J08-U01,['125fee2b']
R13-M1-N9-C:J02-U11,['92420707']
R34-M0-N8-C:J06-U11,['125fee2b']
R55-M1-N5-C:J04-U01,['92420707']
R33-M1-N7-C:J12-U01,['125fee2b']
R37-M0-N3-C:J11-U11,['125fee2b']
R56-M0-NA-C:J12-U11,['92420707']
R56-M0-N1-C:J05-U11,['125fee2b']
R37-M1-NE-C:J04-U11,['125fee2b']
R50-M0-N9-C:J11-U01,['125fee2b']
R56-M0-N9-C:J08-U01,['125fee2b']
R37-M1-N0-C:J16-U11,['125fee2b']
R32-M0-N4-C:J17-U11,['125fee2b']
R57-M1-N0-C:J02-U01,['92420707']
R32-M1-NC-C:J16-U11,['125fee2b']
R52-M0-N5-C:J10-U01,['125fee2b']
R52-M0-N1-C:J10-U11,['92420707']
R72-M0-NF-C:J15-U11,['125fee2b']
R73-M1-N7-C:J04-U01,['125fee2b']
R75-M0-N4-C:J12-U01,['125fee2b']
R53-M0-N1-C:J11-U11,['125fee2b']
R76-M1-NC-C:J16-U01,['125fee2b']
R66-M0-N2-C:J17-U11,['92420707']
R66-M0-NB-C:J17-U11,['92420707']
R41-M0-NB-C:J05-U11,['92420707']
R73-M0-N2-C:J11-U11,['125fee2b']
R73-M0-NE-C:J14-U01,['125fee2b']
R44-M0-N3-C:J06-U01,['92420707']
R77-M0-N5-C:J04-U11,['125fee2b']
R61-M0-N9-C:J16-U01,['92420707']
R64-M0-N2-C:J16-U01,['92420707']
R45-M0-N4-C:J13-U01,['125fee2b']
R64-M0-N1-C:J06-U11,['92420707']
R64-M0-N8-C:J05-U11,['92420707']
R46-M1-N5-C:J16-U01,['125fee2b']
R42-M0-NA-C:J09-U11,['92420707']
R27-M1-N9-C:J09-U01,['125fee2b']
R27-M1-NA-C:J05-U11,['125fee2b']
R27-M0-NE-C:J17-U11,['125fee2b']
R26-M1-NF-C:J09-U01,['92420707']
R45-M1-N8-C:J14-U11,['125fee2b']
R26-M1-N8-C:J08-U01,['125fee2b']
R25-M0-N4-C:J13-U01,['92420707']
R22-M0-ND-C:J17-U01,['92420707']
R23-M1-NF-C:J15-U01,['92420707']
R20-M1-N5-C:J04-U01,['125fee2b']
R16-M0-N2-C:J07-U11,['92420707']
R14-M1-NA-C:J11-U11,['125fee2b']
R17-M0-N6-C:J06-U01,['92420707']
R06-M0-N2-C:J09-U01,['125fee2b']
R15-M0-N3-C:J09-U11,['92420707']
R04-M0-N6-C:J10-U01,['125fee2b']
R14-M1-N1-C:J10-U01,['92420707']
R16-M1-ND-C:J05-U11,['125fee2b']
R00-M0-N4-C:J09-U11,['92420707']
R00-M0-N0-C:J10-U01,['92420707']
R11-M1-N3-C:J10-U01,['125fee2b']
R11-M1-ND-C:J09-U01,['125fee2b']
R07-M1-N7-C:J07-U01,['125fee2b']
R07-M1-N7-C:J14-U01,['92420707']
R50-M1-NA-C:J11-U11,['125fee2b']
R05-M1-N2-C:J08-U01,['92420707']
R36-M1-NA-C:J05-U11,['125fee2b']
R07-M0-NF-C:J13-U11,['92420707']
R05-M0-N5-C:J08-U11,['92420707']
R32-M0-NB-C:J14-U01,['125fee2b']
R35-M0-N5-C:J16-U01,['125fee2b']
R32-M1-N7-C:J02-U01,['92420707']
R56-M1-NE-C:J11-U01,['92420707']
R55-M1-NE-C:J16-U01,['92420707']
R35-M0-NC-C:J15-U11,['92420707']
R55-M1-N8-C:J03-U11,['92420707']
R53-M1-N9-C:J11-U11,['125fee2b']
R52-M0-N5-C:J04-U01,['125fee2b']
R77-M1-N7-C:J08-U11,['125fee2b']
R73-M1-N5-C:J07-U01,['92420707']
R71-M1-N3-C:J08-U01,['92420707']
R53-M1-N8-C:J08-U11,['125fee2b']
R71-M0-NF-C:J11-U11,['cb2160e4']
R74-M1-NB-C:J09-U01,['92420707']
R71-M0-NC-C:J14-U01,['125fee2b']
R76-M1-N4-C:J06-U11,['125fee2b']
R60-M0-N4-C:J05-U11,['125fee2b']
R61-M0-N7-C:J14-U11,['125fee2b']
R65-M0-NE-C:J10-U11,['125fee2b']
R41-M1-NF-C:J04-U01,['125fee2b']
R66-M0-N9-C:J08-U11,['125fee2b']
R70-M0-N8-C:J12-U11,['125fee2b']
R66-M0-N5-C:J13-U11,['125fee2b']
R40-M0-N8-C:J06-U11,['92420707']
R66-M0-NC-C:J04-U11,['125fee2b']
R44-M0-N3-C:J05-U01,['92420707']
R40-M1-NE-C:J10-U11,['125fee2b']
R43-M0-N2-C:J09-U01,['92420707']
R25-M0-N7-C:J07-U01,['92420707']
R44-M1-NC-C:J03-U01,['125fee2b']
R45-M1-NC-C:J07-U01,['125fee2b']
R25-M1-ND-C:J08-U01,['92420707']
R43-M1-ND-C:J08-U01,['125fee2b']
R26-M0-N9-C:J06-U01,['125fee2b']
R24-M0-N5-C:J03-U11,['125fee2b']
R27-M1-N6-C:J11-U11,['125fee2b']
R23-M0-ND-C:J11-U11,['125fee2b']
R23-M0-ND-C:J08-U11,['92420707']
R22-M0-N5-C:J06-U11,['92420707']
R23-M0-N2-C:J09-U11,['125fee2b']
R23-M1-N5-C:J07-U11,['92420707']
R24-M0-N6-C:J05-U11,['92420707']
R24-M0-N9-C:J10-U11,['92420707']
R00-M0-NA-C:J14-U11,['125fee2b']
R00-M0-N8-C:J17-U01,['125fee2b']
R47-M1-N4-C:J17-U11,['cb2160e4']
R20-M1-NB-C:J09-U01,['cb2160e4']
R66-M0-N1-C:J03-U01,['cb2160e4']
R06-M1-NF-C:J12-U01,['71fcff11']
R10-M1-N2,['2921ee8c']
R56-M0-NA-C:J15-U11,['d9735fda']
R60-M0-N2-C:J12-U11,['cb2160e4']
R60-M0-ND-C:J07-U11,['cb2160e4']
R35-M1-N9-C:J14-U01,['cb2160e4']
R23-M0-NC-C:J05-U01,"['71fcff11', 'cb2160e4']"
R06-M1-N6-C:J08-U01,['8df7ac9e']
R71-M0-N4-C:J14-U01,['64d56eed']
R46-M0-N8-I:J18-U11,['4f1ef491']
R52-M1-NA-C:J03-U01,['c56cf501']
R12-M0-NC,['a2335b6b']
R01-M0-N0-C:J04-U01,['825e06cc']
R03-M0-N7-C:J07-U01,['f848d6c7']
R36-M0-N2-C:J05-U01,['9d143d9b']
R27-M0-NB-C:J08-U01,['9d143d9b']
R27-M1-NF-C:J17-U01,['9d143d9b']
R36-M0-N7-C:J09-U11,['9d143d9b']
R26-M0-N9-C:J11-U01,['9d143d9b']
R31-M0-NF-C:J07-U11,['9d143d9b']
R37-M1-N1-C:J02-U01,['9d143d9b']
R36-M0-NE-C:J13-U01,['9d143d9b']
R64-M1-NC-I:J18-U01,['57138c88']
R20-M1-N0-I:J18-U11,['57138c88']
R70-M0-N7-C:J15-U01,['71fcff11']
R34-M1-NB-C:J17-U11,['8df7ac9e']
R20-M1-N4-I:J18-U01,['7c363edf']
R27-M0-N4-I:J18-U11,['7c363edf']
R03-M0-N0-I:J18-U11,['7c363edf']
R06-M0-N4-I:J18-U01,['7c363edf']
R61-M1-N8-I:J18-U01,['7c363edf']
R64-M0-N8-I:J18-U11,['7c363edf']
R61-M0-N0-I:J18-U11,['57138c88']
R07-M0-N8-I:J18-U11,['57138c88']
R15-M1-NE-C:J06-U01,['71fcff11']
R63-M1-N0-I:J18-U11,['a77244af']
R74-M1-N8-I:J18-U11,['eb09b859']
R76-M1-N0-I:J18-U01,['7c363edf']
R42-M1-N2-C:J03-U11,['825e06cc']
R61-M0-N8-C:J17-U11,['71fcff11']
R37-M1-N8-I:J18-U11,['eb09b859']
R32-M0-NC-I:J18-U01,['eb09b859']
R60-M1-N7-C:J17-U01,['8df7ac9e']
R30-M1-N3-C:J13-U01,['58b7753b']
R13-M1-N1-C:J03-U01,['8df7ac9e']
R77-M1-NC-I:J18-U01,['2355b700']
R45-M0-N4-I:J18-U01,['11b69b8b']
R62-M0-N4-I:J18-U01,['1239cef9']
R62-M1-NA-C:J04-U01,['1a068bbf']
R37-M1-NC-C:J02-U11,"['3aa50e45', '3aa50e45', '3aa50e45', '3aa50e45', '3aa50e45', '3aa50e45', '3aa50e45', '3aa50e45']"
R07-M0-N0-I:J18-U11,['11b69b8b']
